_id,value
"@",4.0
"[",1.0
"\",2.0
"]",1.0
"_",1.0
"____",1.0
"aaron",1.0
"abandoned",2.0
"ability",3.0
"able",20.0
"about",216.0
"above",9.0
"aboveis",1.0
"absentee",2.0
"absolute",8.0
"absolutely",21.0
"absorption",1.0
"absurd",1.0
"abundance",1.0
"abused",1.0
"abv",1.0
"ac",2.0
"accents",2.0
"acceptable",1.0
"acceptance",1.0
"accepted",1.0
"accident",3.0
"accommodate",2.0
"accommodating",4.0
"accomodating",1.0
"accompanied",3.0
"accompanies",1.0
"accompaniment",1.0
"accordingly",2.0
"account",1.0
"accoutrements",1.0
"accurate",1.0
"accurately",1.0
"acidic",1.0
"acoustics",2.0
"acquired",2.0
"across",7.0
"act",2.0
"acted",1.0
"action",2.0
"activities",1.0
"acts",1.0
"actual",5.0
"actually",41.0
"ad",2.0
"adam",4.0
"adams",2.0
"add",19.0
"added",9.0
"addendum",1.0
"addict",1.0
"addicted",4.0
"addicting",1.0
"addictive",1.0
"adding",5.0
"addition",10.0
"additional",10.0
"additions",2.0
"adds",4.0
"adequate",1.0
"adjacent",4.0
"adjustments",1.0
"admired",1.0
"admission",1.0
"admit",6.0
"admittedly",2.0
"adobe",1.0
"adobo",2.0
"adorable",1.0
"adorably",2.0
"adore",2.0
"adorn",1.0
"adovada",2.0
"adriana",1.0
"adult",1.0
"adults",1.0
"advance",1.0
"advantage",13.0
"adventures",1.0
"adventurous",2.0
"advertised",2.0
"advice",2.0
"advise",2.0
"affected",1.0
"afflicted",1.0
"afford",1.0
"affordable",5.0
"aficionado",2.0
"aforementioned",4.0
"afraid",4.0
"african",5.0
"after",94.0
"afternoon",14.0
"afternoonevening",1.0
"afterward",2.0
"afterwards",1.0
"afterwork",2.0
"ag",1.0
"again",49.0
"againit",1.0
"against",4.0
"agave",1.0
"agaves",1.0
"age",1.0
"aged",4.0
"ago",14.0
"agree",5.0
"agreed",2.0
"agua",1.0
"ahead",5.0
"ahem",2.0
"ahhhemmm",1.0
"ahi",16.0
"ahing",2.0
"ahorita",1.0
"ahwatukee",2.0
"aight",2.0
"aiming",1.0
"aint",2.0
"aioli",1.0
"air",5.0
"aisle",4.0
"aisles",2.0
"ajs",3.0
"aju",1.0
"aka",3.0
"akin",1.0
"al",3.0
"ala",2.0
"alacart",1.0
"alas",3.0
"alaskan",1.0
"alcatraz",2.0
"alcohol",12.0
"alcoholand",1.0
"alcoholic",1.0
"ale",4.0
"alfredo",2.0
"alice",8.0
"alive",1.0
"allday",1.0
"allegiance",1.0
"allen",1.0
"allergic",2.0
"allergies",1.0
"allergy",1.0
"alley",1.0
"allglass",1.0
"alligator",1.0
"allinall",1.0
"allow",5.0
"allowed",1.0
"allows",3.0
"alltime",1.0
"allure",1.0
"allyoucaneat",1.0
"almond",5.0
"almonds",1.0
"almost",33.0
"aloha",1.0
"alone",7.0
"along",23.0
"already",11.0
"alright",6.0
"also",192.0
"alsoone",1.0
"alter",1.0
"alternately",2.0
"alternative",2.0
"alternatives",1.0
"although",36.0
"aluminum",2.0
"alums",1.0
"alway",2.0
"always",115.0
"amateur",1.0
"amazing",60.0
"amazingly",8.0
"amber",2.0
"ambiance",20.0
"ambience",2.0
"ambitious",2.0
"amen",1.0
"american",12.0
"among",4.0
"amongst",3.0
"amore",1.0
"amount",23.0
"amounts",1.0
"ample",2.0
"amuse",5.0
"amys",2.0
"analyze",1.0
"andor",1.0
"andouille",1.0
"angels",1.0
"angled",1.0
"angry",2.0
"anibal",1.0
"animal",3.0
"anniversaries",1.0
"anniversary",4.0
"annoyed",2.0
"annoying",5.0
"annual",2.0
"another",55.0
"answer",3.0
"answered",3.0
"answering",1.0
"answers",3.0
"antebellum",1.0
"anthony",1.0
"anticipated",1.0
"antiquated",1.0
"antivegetarian",2.0
"anxious",1.0
"anyone",11.0
"anyplace",1.0
"anything",37.0
"anytime",4.0
"anyway",16.0
"anyways",4.0
"anywhere",6.0
"anywho",1.0
"aok",1.0
"apart",2.0
"apartment",1.0
"apartments",1.0
"apiece",1.0
"aplenty",2.0
"apologize",3.0
"apologized",7.0
"apology",3.0
"app",11.0
"apparently",3.0
"appealing",2.0
"appearance",1.0
"appeard",1.0
"appeared",3.0
"appears",3.0
"appertizer",2.0
"appetite",3.0
"appetizer",37.0
"appetizers",48.0
"appetizersthe",1.0
"appetizing",3.0
"appis",1.0
"apple",13.0
"applebees",1.0
"apples",4.0
"applewood",3.0
"applies",1.0
"apply",2.0
"appreciably",1.0
"appreciate",8.0
"appreciated",10.0
"appreciative",1.0
"approach",3.0
"approaches",1.0
"appropriate",3.0
"appropriately",1.0
"approval",1.0
"approve",1.0
"apps",18.0
"apricots",1.0
"aps",2.0
"aptly",1.0
"architecture",1.0
"area",71.0
"areaperfect",1.0
"areas",1.0
"arent",16.0
"argue",1.0
"arizona",20.0
"arizonas",2.0
"arizonians",1.0
"armadillo",2.0
"armagedan",2.0
"armenian",1.0
"arms",1.0
"arnold",3.0
"aroma",1.0
"around",63.0
"arrival",1.0
"arrive",4.0
"arrived",26.0
"arrivedl",1.0
"arrogant",1.0
"art",6.0
"artichoke",8.0
"article",1.0
"artificial",1.0
"artisian",1.0
"artwork",2.0
"arugula",4.0
"asada",3.0
"asade",1.0
"asia",1.0
"asian",14.0
"aside",5.0
"ask",31.0
"asked",37.0
"asking",9.0
"asks",3.0
"asparagus",5.0
"aspect",3.0
"assembly",2.0
"asshole",2.0
"assist",1.0
"assistance",5.0
"assisted",2.0
"assorted",1.0
"assortment",3.0
"assume",1.0
"assumed",1.0
"assumptions",1.0
"assure",1.0
"assured",2.0
"astonished",1.0
"astounded",1.0
"astray",1.0
"asu",3.0
"ate",10.0
"atlas",1.0
"atmosphere",47.0
"atmospherevibe",1.0
"atomsphere",1.0
"atop",1.0
"attached",2.0
"attack",2.0
"attend",1.0
"attended",1.0
"attentative",1.0
"attention",2.0
"attentive",27.0
"attire",1.0
"attitude",2.0
"attracted",2.0
"attraction",1.0
"attractive",3.0
"august",1.0
"authentic",10.0
"authenticity",2.0
"autism",1.0
"automatically",1.0
"automotive",1.0
"autumn",1.0
"avacado",1.0
"avail",3.0
"available",8.0
"availble",1.0
"ave",4.0
"average",9.0
"averages",1.0
"avocado",10.0
"avoid",5.0
"aware",5.0
"away",27.0
"awaycame",1.0
"aweome",1.0
"awesome",71.0
"awful",1.0
"awhile",4.0
"awkward",3.0
"ayce",1.0
"az",14.0
"b",7.0
"babbaganouj",4.0
"babies",1.0
"baby",2.0
"bacardi",1.0
"back",159.0
"backbut",1.0
"background",1.0
"backyard",1.0
"bacon",30.0
"baconwrapped",2.0
"bad",51.0
"bads",1.0
"bag",9.0
"bagged",1.0
"bags",2.0
"bailed",1.0
"bait",1.0
"bake",2.0
"baked",9.0
"baker",2.0
"bakeries",3.0
"bakers",3.0
"bakery",5.0
"baking",1.0
"baklava",1.0
"balance",6.0
"balanced",1.0
"balked",1.0
"ball",3.0
"balls",1.0
"balm",2.0
"balsamic",4.0
"bamboo",3.0
"bananas",2.0
"banchan",2.0
"band",4.0
"bands",2.0
"bang",2.0
"banged",1.0
"bangkok",1.0
"bank",5.0
"banners",1.0
"bar",146.0
"barbecue",2.0
"barcadi",1.0
"bare",1.0
"barely",8.0
"barest",1.0
"barfare",1.0
"barflies",1.0
"barfood",2.0
"bargain",1.0
"barista",1.0
"barneysive",1.0
"bars",9.0
"bartender",16.0
"bartenders",5.0
"base",2.0
"baseball",3.0
"based",8.0
"baseline",2.0
"bashas",1.0
"basic",6.0
"basically",6.0
"basics",3.0
"basil",7.0
"basilpesto",1.0
"basis",4.0
"basket",2.0
"basketball",4.0
"baskets",1.0
"bass",1.0
"bastard",1.0
"bat",3.0
"batch",3.0
"bathed",1.0
"bathroom",3.0
"bathrooms",4.0
"bats",1.0
"batter",4.0
"battered",4.0
"bay",2.0
"bb",1.0
"bbq",12.0
"bc",7.0
"bday",5.0
"beach",2.0
"bean",7.0
"beans",22.0
"bear",1.0
"bearnaise",1.0
"beat",12.0
"beaten",1.0
"beating",5.0
"beatings",1.0
"beats",3.0
"beautiful",12.0
"beautifully",1.0
"beauty",3.0
"bec",1.0
"beckoning",1.0
"become",9.0
"bed",4.0
"beds",1.0
"beef",34.0
"beer",81.0
"beers",45.0
"beersspirits",1.0
"beerwine",1.0
"beerwise",2.0
"beet",1.0
"befitting",1.0
"beforea",1.0
"began",1.0
"begin",3.0
"beginning",1.0
"begins",3.0
"behaving",1.0
"behemoth",1.0
"behind",5.0
"beignets",1.0
"belfast",1.0
"belgium",2.0
"believe",23.0
"believers",1.0
"beligian",1.0
"bell",2.0
"bellied",1.0
"bellies",1.0
"belly",2.0
"belongs",2.0
"beloved",1.0
"below",2.0
"belt",1.0
"ben",1.0
"bene",1.0
"beneath",1.0
"benefit",1.0
"benihana",2.0
"bento",1.0
"benzedrine",1.0
"benzoate",1.0
"berkshire",1.0
"bernaise",1.0
"bernie",3.0
"berry",5.0
"besides",5.0
"bespeak",1.0
"best",110.0
"bestbuy",2.0
"bet",4.0
"beth",1.0
"betta",1.0
"better",79.0
"betting",2.0
"beverage",10.0
"beverages",6.0
"bevmo",5.0
"bevmos",1.0
"beware",4.0
"beyond",7.0
"bf",8.0
"bff",5.0
"bg",3.0
"bianco",3.0
"bibimbap",2.0
"bible",1.0
"bicycles",1.0
"bidet",2.0
"big",75.0
"bigass",2.0
"bigger",2.0
"biggest",3.0
"biggie",1.0
"bigscreen",1.0
"biiig",2.0
"bike",1.0
"biking",1.0
"bill",23.0
"bills",1.0
"biltmore",5.0
"bink",3.0
"binkley",1.0
"binks",1.0
"birfday",1.0
"birthday",23.0
"birthdays",2.0
"biscuits",1.0
"bison",2.0
"bisque",2.0
"bistro",2.0
"bistroa",1.0
"bit",87.0
"bitchy",1.0
"bite",25.0
"bites",8.0
"biting",2.0
"bits",3.0
"bitter",4.0
"bjs",1.0
"black",10.0
"blackened",1.0
"blah",4.0
"blanc",3.0
"blanche",1.0
"bland",13.0
"blandish",1.0
"blank",1.0
"blast",6.0
"bld",3.0
"blend",3.0
"blended",1.0
"bleu",1.0
"bliss",1.0
"bloated",1.0
"block",3.0
"blocked",1.0
"blocking",1.0
"blocks",2.0
"blonde",1.0
"blood",1.0
"bloody",2.0
"blow",2.0
"blowing",2.0
"blown",2.0
"blows",1.0
"blt",1.0
"blue",23.0
"blueberries",1.0
"blueberry",2.0
"blues",1.0
"blurry",2.0
"blvd",2.0
"boar",2.0
"board",9.0
"boards",5.0
"boars",1.0
"bobs",1.0
"bocca",3.0
"bocce",2.0
"boddingtons",2.0
"bodied",1.0
"bodys",1.0
"bog",1.0
"bogard",1.0
"bogi",3.0
"bogoall",2.0
"bogos",2.0
"boiled",1.0
"boiling",1.0
"bok",1.0
"bold",1.0
"bolognaise",1.0
"bomb",10.0
"bombdotcom",1.0
"bomber",4.0
"bomberos",2.0
"bombers",5.0
"bombs",2.0
"bombshell",1.0
"bond",1.0
"bone",5.0
"bonein",1.0
"bones",2.0
"bonita",4.0
"bonnie",1.0
"bonus",4.0
"boo",1.0
"boobie",1.0
"boobies",1.0
"book",10.0
"booth",5.0
"booths",14.0
"booze",5.0
"boozin",1.0
"boozy",1.0
"bopping",1.0
"border",2.0
"borderline",2.0
"bored",1.0
"boston",3.0
"bother",1.0
"bothered",3.0
"bothering",2.0
"bottle",24.0
"bottled",2.0
"bottles",8.0
"bottom",7.0
"bouchei",1.0
"bouches",3.0
"bouchesyes",1.0
"bough",1.0
"bought",18.0
"bouncerid",1.0
"bound",1.0
"bountiful",1.0
"bourbon",7.0
"boutique",1.0
"bowl",16.0
"bowling",2.0
"bowls",2.0
"box",2.0
"boxed",1.0
"boxes",5.0
"boy",7.0
"boyfriend",9.0
"boys",2.0
"brace",1.0
"brady",1.0
"brain",1.0
"brainer",2.0
"braised",2.0
"branch",1.0
"brand",4.0
"brands",3.0
"brandy",2.0
"brass",1.0
"brat",1.0
"bread",40.0
"breadbowl",1.0
"breadbowls",1.0
"breaded",6.0
"breadi",1.0
"breading",3.0
"breadomg",1.0
"breads",2.0
"breadsticks",2.0
"break",5.0
"breakdown",1.0
"breakfast",14.0
"breakfastbrunch",1.0
"breaking",1.0
"breaks",2.0
"breasts",1.0
"breathalyzer",2.0
"breathe",1.0
"breathless",1.0
"breeze",1.0
"brew",1.0
"breweries",1.0
"brewery",3.0
"brewerybar",1.0
"brews",1.0
"briana",2.0
"brie",12.0
"brief",1.0
"briefly",1.0
"briei",2.0
"bright",2.0
"brightbutnottoobright",1.0
"brighter",1.0
"brightest",2.0
"bring",21.0
"bringing",4.0
"brings",2.0
"brios",3.0
"britney",1.0
"broad",2.0
"broader",1.0
"broccoli",4.0
"broiled",2.0
"broke",2.0
"broken",1.0
"brokers",1.0
"broth",1.0
"brother",2.0
"brotherinlaw",1.0
"brothers",1.0
"brothier",1.0
"brought",23.0
"brown",6.0
"brownie",3.0
"browns",2.0
"bruchetta",2.0
"brulee",3.0
"brunch",7.0
"brunette",1.0
"bruschetta",14.0
"bruschettas",1.0
"brusschetta",1.0
"brutal",1.0
"bruxelles",1.0
"btg",2.0
"btw",4.0
"bubbly",1.0
"buck",3.0
"bucket",4.0
"bucks",14.0
"bud",1.0
"buddha",1.0
"buddhahand",1.0
"buddies",1.0
"buddy",2.0
"budget",7.0
"buds",2.0
"buffalo",7.0
"buffet",8.0
"buffets",5.0
"buffs",1.0
"bug",1.0
"bugged",1.0
"bugging",1.0
"bugs",2.0
"buhly",1.0
"build",2.0
"building",13.0
"buildup",1.0
"bulas",2.0
"bulgogi",4.0
"bulk",1.0
"bull",1.0
"bummeout",1.0
"bummer",4.0
"bumped",1.0
"bun",9.0
"bunch",11.0
"bundled",1.0
"bungalow",6.0
"bunny",1.0
"burger",46.0
"burgers",12.0
"burgundy",1.0
"burn",3.0
"burned",1.0
"burnt",2.0
"burntwhich",1.0
"burrata",2.0
"burrito",4.0
"burro",1.0
"business",23.0
"businesses",4.0
"busser",1.0
"busting",1.0
"bustle",1.0
"busy",29.0
"butcher",2.0
"butcherblock",1.0
"butt",1.0
"buttcheek",1.0
"butter",17.0
"buttercream",2.0
"buttered",2.0
"butterfish",1.0
"butternut",3.0
"buttery",2.0
"button",2.0
"buy",37.0
"buyers",1.0
"buying",7.0
"buyonegetoneforanickel",1.0
"buys",1.0
"buzz",1.0
"byob",1.0
"c",1.0
"cab",1.0
"cabana",1.0
"cabanas",1.0
"cabbage",4.0
"cabin",3.0
"caesar",8.0
"caf",4.0
"cafe",9.0
"cafes",1.0
"cafeteria",1.0
"caffeine",1.0
"cajun",1.0
"cake",22.0
"cakes",7.0
"calabacitas",1.0
"calamari",22.0
"calendar",1.0
"calender",1.0
"cali",2.0
"california",4.0
"californians",1.0
"call",17.0
"called",12.0
"calledit",1.0
"calls",2.0
"calm",2.0
"calming",1.0
"calories",1.0
"calzone",2.0
"calzones",2.0
"came",95.0
"camelback",3.0
"cameras",1.0
"cameron",1.0
"campbell",1.0
"camper",1.0
"campy",2.0
"can",167.0
"canadian",1.0
"canceling",1.0
"cancels",1.0
"cancer",1.0
"candies",1.0
"candle",1.0
"candles",3.0
"candy",4.0
"canollisyou",1.0
"cant",78.0
"cantina",1.0
"capermustard",2.0
"caprese",1.0
"capture",1.0
"car",9.0
"carabbas",1.0
"carafe",2.0
"caramelized",2.0
"carb",3.0
"carbonated",1.0
"card",21.0
"carded",1.0
"cards",6.0
"care",19.0
"cared",1.0
"careful",1.0
"caribbean",4.0
"carin",1.0
"carlburg",2.0
"carlsbad",2.0
"carlsbat",1.0
"carly",1.0
"carlys",1.0
"carmelized",1.0
"carne",5.0
"carpaccio",2.0
"carpet",2.0
"carrey",1.0
"carrot",8.0
"carry",2.0
"carrying",1.0
"cars",1.0
"carte",1.0
"carts",1.0
"carumbas",1.0
"carved",1.0
"case",19.0
"casey",1.0
"cash",4.0
"cashed",1.0
"cashier",3.0
"cashierwaitress",2.0
"cassie",2.0
"cast",1.0
"castle",1.0
"casual",11.0
"catch",2.0
"cater",1.0
"catered",1.0
"catering",1.0
"caterpillar",2.0
"catfish",3.0
"cats",1.0
"caught",6.0
"causal",1.0
"cause",5.0
"caused",1.0
"caution",1.0
"caveat",3.0
"cavern",1.0
"cavethemed",1.0
"ceaser",1.0
"cedar",1.0
"ceiling",6.0
"celebrate",1.0
"celebrating",2.0
"cenpho",1.0
"cent",3.0
"center",11.0
"central",5.0
"centro",1.0
"cents",9.0
"century",1.0
"certain",13.0
"certainly",11.0
"certificate",7.0
"certificates",2.0
"cervezas",1.0
"ceviche",3.0
"ch",1.0
"chae",2.0
"chai",2.0
"chain",10.0
"chains",1.0
"chair",2.0
"chairs",5.0
"chalk",1.0
"chalkboard",1.0
"challa",2.0
"challah",1.0
"challenge",3.0
"chambord",2.0
"champ",1.0
"champagne",2.0
"chance",9.0
"chances",2.0
"chandler",4.0
"change",13.0
"changed",4.0
"changes",3.0
"changing",2.0
"changng",1.0
"chaos",2.0
"chaotic",2.0
"char",2.0
"character",2.0
"charcuterie",1.0
"chard",1.0
"chardonnaycabernet",2.0
"charge",3.0
"charged",4.0
"charges",1.0
"charging",2.0
"charming",1.0
"charred",5.0
"chase",1.0
"chaser",2.0
"chat",3.0
"chatted",1.0
"chatting",1.0
"cheap",44.0
"cheaper",6.0
"cheapest",3.0
"cheat",1.0
"check",55.0
"checked",12.0
"checkers",1.0
"checkin",11.0
"checking",5.0
"checkout",1.0
"checks",3.0
"cheddar",4.0
"cheerful",1.0
"cheers",1.0
"cheersish",1.0
"cheese",97.0
"cheeseburger",2.0
"cheeseburgers",2.0
"cheesecake",4.0
"cheeseheaven",1.0
"cheeses",7.0
"cheesey",2.0
"cheesy",4.0
"cheez",2.0
"chef",8.0
"chefs",11.0
"chemay",1.0
"chemyst",1.0
"cher",1.0
"cherries",1.0
"cherry",1.0
"chet",1.0
"chewy",4.0
"chianti",1.0
"chic",3.0
"chicago",3.0
"chicken",107.0
"chickenzuchinniitalilan",1.0
"chickpea",1.0
"chihuahua",1.0
"child",2.0
"childern",1.0
"childlike",1.0
"children",2.0
"chile",10.0
"chili",13.0
"chill",6.0
"chille",1.0
"chilled",3.0
"chillis",1.0
"chimichanga",2.0
"chimis",3.0
"chimmichanga",1.0
"china",2.0
"chinese",11.0
"chip",1.0
"chipolte",1.0
"chipotle",9.0
"chipotleesque",1.0
"chips",37.0
"chiptole",1.0
"chitarra",1.0
"chives",3.0
"chivy",1.0
"choc",1.0
"chockfull",1.0
"chocolate",23.0
"chocolates",1.0
"chocolatevanilla",1.0
"choice",19.0
"choices",9.0
"chompies",4.0
"choose",16.0
"chop",2.0
"chopped",6.0
"chops",3.0
"chorizo",5.0
"chose",15.0
"chow",2.0
"chowder",2.0
"chowing",1.0
"choy",2.0
"chris",3.0
"christina",1.0
"christine",2.0
"christmas",1.0
"christsakes",1.0
"chrome",1.0
"chunks",4.0
"chunky",1.0
"churn",1.0
"churro",1.0
"chutney",4.0
"chymist",1.0
"ciabatta",1.0
"cider",2.0
"cien",1.0
"cigars",1.0
"cilantro",9.0
"cinched",1.0
"cinemas",1.0
"cinnamon",3.0
"circled",1.0
"circular",2.0
"circulation",1.0
"circumstance",1.0
"circus",1.0
"cities",1.0
"citrus",1.0
"city",11.0
"claim",3.0
"claimed",1.0
"clams",1.0
"clare",2.0
"class",1.0
"classes",1.0
"classhigh",1.0
"classic",5.0
"classier",1.0
"classycasual",1.0
"classywarm",1.0
"clean",14.0
"cleanest",1.0
"cleaning",1.0
"cleanliness",1.0
"cleans",1.0
"clear",3.0
"cleared",2.0
"clearly",3.0
"clears",1.0
"clients",2.0
"clippings",1.0
"cloak",1.0
"close",20.0
"closed",8.0
"closer",5.0
"closerconvenient",1.0
"closest",2.0
"closet",3.0
"closing",3.0
"clothes",1.0
"clover",1.0
"club",15.0
"clubhouse",1.0
"clue",2.0
"clueit",1.0
"clueless",1.0
"clumsy",1.0
"co",1.0
"coarse",1.0
"coat",1.0
"coated",1.0
"coating",1.0
"cob",1.0
"cobler",2.0
"cocktail",11.0
"cocktails",15.0
"cocktailsso",1.0
"cocktailswhatever",1.0
"coco",1.0
"cocoa",1.0
"coconut",5.0
"cod",1.0
"coffee",17.0
"coffees",1.0
"coke",2.0
"cold",11.0
"colder",1.0
"coldif",1.0
"coldness",1.0
"cole",1.0
"coleslaw",2.0
"collaboration",1.0
"collarbone",1.0
"collection",1.0
"college",3.0
"collegetypes",1.0
"color",6.0
"colored",1.0
"colorful",5.0
"colors",1.0
"combination",8.0
"combinations",2.0
"combine",1.0
"combines",3.0
"combining",1.0
"combo",9.0
"combos",3.0
"come",65.0
"comer",1.0
"comes",33.0
"comfort",1.0
"comfortable",19.0
"comfy",5.0
"coming",28.0
"commend",1.0
"commentary",1.0
"comments",3.0
"common",1.0
"commotion",1.0
"communal",1.0
"community",2.0
"comp",1.0
"companies",1.0
"companion",1.0
"companions",1.0
"company",5.0
"comparatively",1.0
"compare",1.0
"compared",3.0
"compares",1.0
"comparison",1.0
"compd",2.0
"comped",2.0
"compelled",1.0
"compensating",1.0
"compensation",2.0
"competing",1.0
"complain",9.0
"complained",1.0
"complaining",3.0
"complaint",11.0
"complaints",9.0
"complement",4.0
"complete",6.0
"completely",6.0
"complex",2.0
"compliment",1.0
"complimentary",7.0
"comprehensive",1.0
"comprise",1.0
"comprised",1.0
"comps",1.0
"con",1.0
"concealed",1.0
"concensus",1.0
"concept",4.0
"conceptits",2.0
"concerned",3.0
"concerning",1.0
"concession",3.0
"conclude",1.0
"conclusion",1.0
"concocted",2.0
"concoctions",2.0
"condiments",4.0
"conditioner",1.0
"conditioning",1.0
"confessing",1.0
"confidence",1.0
"confit",1.0
"confused",3.0
"confusing",4.0
"congenial",1.0
"connect",1.0
"connected",1.0
"cons",1.0
"conscientious",1.0
"consequence",1.0
"conservativeladen",1.0
"consider",8.0
"consideration",1.0
"considered",4.0
"considering",11.0
"consistancy",2.0
"consisted",2.0
"consistency",2.0
"consistent",6.0
"consistently",5.0
"consisting",2.0
"consloud",1.0
"constantly",2.0
"consumed",1.0
"consumerism",1.0
"consuming",1.0
"contact",4.0
"contacted",1.0
"contain",1.0
"contained",1.0
"container",2.0
"contemplated",1.0
"contemporary",1.0
"content",1.0
"contently",1.0
"contests",2.0
"continue",4.0
"contributed",1.0
"control",4.0
"controls",1.0
"convenient",8.0
"conversation",5.0
"conversational",1.0
"conversations",2.0
"converse",1.0
"converted",2.0
"converting",1.0
"convey",1.0
"conveyor",1.0
"convince",2.0
"convincing",1.0
"convo",1.0
"cook",6.0
"cooked",29.0
"cookie",1.0
"cookiemonster",2.0
"cookies",3.0
"cooking",5.0
"cooks",4.0
"cool",43.0
"coolall",1.0
"cooler",8.0
"coolest",1.0
"cooped",1.0
"cooper",4.0
"coopers",2.0
"cooperstown",2.0
"copious",1.0
"copper",1.0
"cordon",1.0
"cork",1.0
"corkscrew",1.0
"corn",25.0
"cornbread",1.0
"corned",1.0
"corner",8.0
"cornishhen",1.0
"cornmeal",1.0
"corona",1.0
"coronado",2.0
"corporate",1.0
"corprate",1.0
"correct",2.0
"correlation",1.0
"cortez",1.0
"cosmos",1.0
"cost",6.0
"costco",11.0
"costs",2.0
"cotija",1.0
"cottage",1.0
"cotton",1.0
"couches",2.0
"couchlounge",1.0
"couldnt",23.0
"couldve",2.0
"count",4.0
"counted",1.0
"counter",12.0
"country",5.0
"counts",1.0
"couple",39.0
"couples",1.0
"coupon",29.0
"coupons",7.0
"course",29.0
"courses",8.0
"court",1.0
"cousin",4.0
"cover",5.0
"covered",4.0
"covering",3.0
"covers",2.0
"cow",1.0
"coworker",3.0
"coworkers",8.0
"cozy",7.0
"cph",4.0
"crab",21.0
"crabby",1.0
"crabmeat",2.0
"crabs",1.0
"crabseafood",1.0
"cracked",4.0
"crackers",2.0
"crackin",1.0
"craft",2.0
"cragy",1.0
"crammed",1.0
"cranberries",4.0
"cranberry",1.0
"crank",1.0
"crap",6.0
"crappy",1.0
"craved",1.0
"craving",7.0
"cravings",2.0
"crazy",16.0
"cream",39.0
"creambased",1.0
"creams",1.0
"creamy",14.0
"create",3.0
"created",1.0
"creation",2.0
"creative",4.0
"creativity",1.0
"creator",1.0
"credit",4.0
"creek",5.0
"creepy",1.0
"crema",5.0
"creme",3.0
"crepes",1.0
"crimmini",1.0
"cringed",1.0
"crisp",13.0
"crisped",1.0
"crispfresh",1.0
"crispness",1.0
"crisps",1.0
"crispy",14.0
"critic",1.0
"critics",1.0
"croniesgoons",1.0
"croquet",2.0
"croquetas",3.0
"cross",1.0
"crossed",1.0
"croutons",1.0
"crowd",19.0
"crowded",9.0
"crowdedwe",1.0
"crowds",4.0
"crowed",2.0
"crucial",1.0
"crumb",1.0
"crumbs",1.0
"crunch",2.0
"crunchy",3.0
"crush",2.0
"crushed",2.0
"crust",20.0
"crusted",5.0
"crusty",1.0
"crying",1.0
"crystals",1.0
"cuban",4.0
"cube",1.0
"cucumber",7.0
"cuisine",8.0
"culinary",1.0
"cultural",1.0
"cup",7.0
"cupcake",7.0
"cupcakecakepop",1.0
"cupcakes",11.0
"cups",11.0
"curds",4.0
"cure",1.0
"cured",2.0
"curiosity",1.0
"curious",2.0
"curly",1.0
"current",5.0
"currently",1.0
"curried",1.0
"curry",9.0
"cury",1.0
"cusine",1.0
"custom",1.0
"customer",15.0
"customers",11.0
"customize",1.0
"customized",1.0
"cut",21.0
"cute",11.0
"cutest",2.0
"cutesy",2.0
"cutoff",1.0
"d",2.0
"daily",28.0
"dailyspecials",1.0
"dairy",1.0
"dammit",1.0
"damn",8.0
"damnation",1.0
"dan",5.0
"dance",3.0
"dancing",5.0
"danielle",1.0
"danish",1.0
"dare",1.0
"dark",14.0
"darker",1.0
"darn",4.0
"darts",2.0
"dash",1.0
"date",24.0
"daterapistintraining",1.0
"dates",5.0
"daughter",13.0
"daughters",1.0
"dave",1.0
"daves",2.0
"day",67.0
"daylight",1.0
"days",15.0
"daysi",1.0
"daytime",1.0
"dbacks",1.0
"dbag",1.0
"dcup",1.0
"de",1.0
"dead",5.0
"deal",54.0
"dealing",1.0
"dealio",1.0
"deals",31.0
"dealt",1.0
"dean",1.0
"dearest",1.0
"debated",1.0
"debbie",1.0
"deceiving",1.0
"decent",30.0
"decently",3.0
"decentsize",1.0
"decide",2.0
"decided",44.0
"deciding",1.0
"decision",4.0
"decked",2.0
"decker",1.0
"declined",2.0
"deconstructed",1.0
"decor",14.0
"decorate",1.0
"decorated",3.0
"decorations",1.0
"decorative",1.0
"dedicated",1.0
"deeee",1.0
"deeelicious",1.0
"deep",6.0
"def",3.0
"default",3.0
"defense",1.0
"definite",5.0
"definitely",72.0
"defunct",1.0
"deg",1.0
"degree",2.0
"degrees",2.0
"delectable",4.0
"deli",5.0
"delicate",2.0
"delicio",1.0
"delicious",97.0
"deliciously",3.0
"delicous",1.0
"delieved",1.0
"delight",5.0
"delighted",2.0
"delightful",7.0
"delightfully",3.0
"delish",11.0
"delishhhh",1.0
"deliver",6.0
"delivered",3.0
"delivering",3.0
"delivers",1.0
"delivery",2.0
"demographic",1.0
"denied",2.0
"dennys",2.0
"department",2.0
"departure",1.0
"depending",1.0
"depends",1.0
"deposit",1.0
"depressing",1.0
"deschutes",1.0
"describe",3.0
"described",2.0
"describes",2.0
"describing",2.0
"description",2.0
"descriptions",1.0
"desert",3.0
"deserted",1.0
"deserts",2.0
"deserve",2.0
"deserved",2.0
"deservedly",1.0
"deserves",6.0
"design",2.0
"designation",1.0
"designed",1.0
"designs",2.0
"desk",4.0
"despite",5.0
"desseert",2.0
"dessert",24.0
"dessertit",1.0
"desserts",13.0
"destination",3.0
"detail",2.0
"detailed",1.0
"details",2.0
"detect",1.0
"detre",1.0
"detroit",1.0
"develops",1.0
"devil",2.0
"deviled",1.0
"devilslol",1.0
"devoid",2.0
"devoted",1.0
"devour",1.0
"devoured",1.0
"diamond",1.0
"diaz",1.0
"dice",1.0
"diced",1.0
"didnt",80.0
"die",4.0
"diet",6.0
"dietary",1.0
"difference",1.0
"different",45.0
"differently",1.0
"difficult",7.0
"dig",3.0
"diggety",2.0
"digging",2.0
"digress",2.0
"dijon",1.0
"dill",2.0
"dillo",1.0
"dilly",4.0
"dillys",2.0
"dim",2.0
"dime",1.0
"diminutive",1.0
"dimly",2.0
"dimness",2.0
"dine",5.0
"dined",2.0
"diner",1.0
"diners",3.0
"dines",2.0
"dining",27.0
"dinner",80.0
"dinnerdrinks",2.0
"dinnerlunch",1.0
"dinners",4.0
"dinnerso",1.0
"dinning",2.0
"dip",11.0
"dipping",3.0
"dips",1.0
"direction",1.0
"directions",2.0
"dirt",3.0
"dirty",2.0
"disagree",2.0
"disappeared",2.0
"disappoint",4.0
"disappointed",21.0
"disappointing",8.0
"disappointingly",1.0
"disappointment",3.0
"disappointned",1.0
"disastrous",1.0
"disclaimer",3.0
"disclosure",1.0
"discount",7.0
"discounted",2.0
"discounts",6.0
"discover",3.0
"discovered",4.0
"discoveries",2.0
"discovery",3.0
"discretely",1.0
"discuss",3.0
"discussed",1.0
"disgusting",1.0
"dish",51.0
"dishes",44.0
"disingenuous",1.0
"disinterested",2.0
"disney",1.0
"disneyland",2.0
"disoriented",1.0
"display",2.0
"displeased",2.0
"displeasure",1.0
"disposable",1.0
"disswayed",2.0
"distance",5.0
"distorted",1.0
"distracted",2.0
"distracting",1.0
"district",3.0
"districtkitchen",1.0
"distrito",1.0
"dive",1.0
"diverse",1.0
"divine",7.0
"djs",2.0
"doable",1.0
"document",1.0
"doe",1.0
"doesnt",20.0
"dog",11.0
"dogfish",3.0
"dogs",6.0
"dollar",4.0
"dollars",8.0
"dollops",1.0
"dolsot",2.0
"domestic",4.0
"donald",1.0
"donated",2.0
"done",18.0
"donovan",1.0
"donovans",1.0
"dont",142.0
"door",21.0
"doors",5.0
"dope",1.0
"doprobably",1.0
"dos",6.0
"dosent",1.0
"dots",1.0
"dottsy",2.0
"double",6.0
"doubleshot",1.0
"doubt",9.0
"douche",2.0
"dough",6.0
"dove",1.0
"down",55.0
"downgraded",1.0
"downhill",2.0
"downside",1.0
"downton",1.0
"downtown",14.0
"dozen",4.0
"dr",1.0
"draft",13.0
"drafts",6.0
"dramady",1.0
"dramatic",1.0
"drank",2.0
"drawn",1.0
"dream",1.0
"dreaming",1.0
"dreams",1.0
"drenched",2.0
"dress",1.0
"dressed",5.0
"dressing",14.0
"dressings",2.0
"dressy",1.0
"dried",3.0
"drift",1.0
"drink",67.0
"drinker",4.0
"drinkers",1.0
"drinking",8.0
"drinks",103.0
"drinksdrinks",1.0
"drinksshots",1.0
"drinkwise",1.0
"dripping",3.0
"drive",3.0
"driven",3.0
"driver",1.0
"driving",3.0
"drizzled",3.0
"drool",2.0
"drop",5.0
"dropped",4.0
"drops",1.0
"drove",2.0
"drug",1.0
"drunk",5.0
"drunken",1.0
"dry",13.0
"duck",8.0
"dude",1.0
"due",7.0
"dug",1.0
"duh",2.0
"dull",1.0
"dumb",3.0
"dumber",2.0
"dumping",2.0
"dumpling",2.0
"dumplings",4.0
"dunkel",1.0
"dunlap",1.0
"duo",1.0
"durants",3.0
"durantsstyle",1.0
"dusk",1.0
"dusted",1.0
"dwarfed",1.0
"dying",2.0
"dynasty",2.0
"e",1.0
"ear",1.0
"earlier",1.0
"early",23.0
"earlyish",1.0
"earn",2.0
"earned",3.0
"earning",1.0
"ears",1.0
"earth",1.0
"ease",1.0
"easier",4.0
"easily",4.0
"east",3.0
"easter",1.0
"eastern",1.0
"easterns",1.0
"eastside",1.0
"easy",10.0
"eat",82.0
"eaten",15.0
"eater",4.0
"eaters",3.0
"eatery",1.0
"eatin",1.0
"eating",35.0
"eats",5.0
"eclectic",2.0
"eclub",1.0
"econolodge",2.0
"economics",1.0
"economy",3.0
"ecstasy",1.0
"ect",2.0
"edamame",6.0
"edemame",1.0
"edge",3.0
"edges",1.0
"edible",2.0
"edit",3.0
"edited",1.0
"education",1.0
"effect",2.0
"effectively",1.0
"efficient",3.0
"effing",2.0
"eg",1.0
"egg",8.0
"eggplant",1.0
"eggrolls",3.0
"eggs",8.0
"eh",1.0
"ehhh",1.0
"ehhhh",1.0
"ehi",1.0
"eight",1.0
"either",24.0
"el",1.0
"elated",2.0
"elbow",1.0
"elbows",2.0
"elderly",1.0
"electronics",1.0
"eleganthonestly",1.0
"eli",1.0
"elite",1.0
"elliot",1.0
"else",24.0
"elses",3.0
"elsewhere",7.0
"em",6.0
"email",6.0
"emailloginpassword",1.0
"empanada",2.0
"employee",6.0
"employees",6.0
"empty",12.0
"encanto",1.0
"enchilada",3.0
"enchiladas",6.0
"enchilladas",1.0
"encore",1.0
"encounter",2.0
"encountered",2.0
"encourage",3.0
"encouraged",1.0
"end",20.0
"ended",15.0
"ending",1.0
"ends",2.0
"energetic",2.0
"energy",3.0
"enforces",1.0
"engage",1.0
"engaged",2.0
"england",1.0
"engulfed",2.0
"enhance",2.0
"enhanced",1.0
"enjoy",33.0
"enjoyable",6.0
"enjoyed",55.0
"enjoying",6.0
"enjoyment",1.0
"enough",71.0
"ensure",1.0
"ententes",1.0
"enter",3.0
"entered",2.0
"entering",2.0
"entertaining",4.0
"entertainment",5.0
"enthralled",1.0
"enthusiasm",2.0
"enthusiastic",1.0
"entire",22.0
"entrance",2.0
"entre",1.0
"entree",24.0
"entrees",16.0
"environment",4.0
"envy",1.0
"epic",1.0
"episode",1.0
"equal",1.0
"equally",9.0
"equipped",1.0
"equis",2.0
"era",3.0
"eric",1.0
"errands",1.0
"error",1.0
"eruption",1.0
"escape",2.0
"esp",1.0
"especially",33.0
"espresso",4.0
"essentials",1.0
"establishements",1.0
"establishment",2.0
"establishments",3.0
"esther",3.0
"etc",16.0
"eternity",1.0
"eternityif",2.0
"ethnic",2.0
"euromarket",1.0
"european",1.0
"evaporated",1.0
"eve",2.0
"even",109.0
"evening",20.0
"evenings",2.0
"event",8.0
"events",6.0
"eventually",2.0
"ever",50.0
"everlasting",1.0
"every",86.0
"everybody",2.0
"everyday",8.0
"everyone",26.0
"everything",71.0
"everytime",3.0
"everywhere",2.0
"evident",1.0
"evoke",2.0
"evoo",1.0
"ew",1.0
"ewan",1.0
"ex",1.0
"exactly",1.0
"example",3.0
"exboyfriend",1.0
"exceeds",1.0
"excellence",1.0
"excellent",42.0
"excellentdaydreaming",1.0
"except",9.0
"exception",2.0
"exceptional",4.0
"exceptionally",1.0
"exchange",1.0
"excited",4.0
"excitement",2.0
"exciting",3.0
"exclaimed",1.0
"excluded",1.0
"exclusives",2.0
"excursion",1.0
"excuse",2.0
"execution",1.0
"exhausted",1.0
"exhibit",1.0
"exist",2.0
"exists",1.0
"exit",1.0
"expand",1.0
"expansive",2.0
"expat",1.0
"expect",20.0
"expectations",1.0
"expected",4.0
"expecting",8.0
"expenive",1.0
"expensive",10.0
"experience",57.0
"experienced",2.0
"experiences",9.0
"expired",1.0
"expires",1.0
"explain",3.0
"explained",5.0
"explanation",1.0
"exploded",1.0
"explore",1.0
"exposed",2.0
"extended",2.0
"extensive",10.0
"exterior",1.0
"extra",15.0
"extracurricular",1.0
"extras",1.0
"extreme",2.0
"extremely",19.0
"eye",12.0
"eyed",1.0
"eyeing",2.0
"eyelocking",1.0
"eyeroll",1.0
"eyes",6.0
"f",3.0
"fab",4.0
"fabulous",10.0
"face",14.0
"facebook",1.0
"faced",1.0
"facefirst",1.0
"faces",2.0
"fact",27.0
"factory",4.0
"fade",1.0
"fair",14.0
"fairly",14.0
"faith",1.0
"fajitas",2.0
"fake",2.0
"falafel",4.0
"fall",1.0
"fallback",1.0
"falling",4.0
"fame",2.0
"famed",1.0
"familiar",3.0
"family",19.0
"famished",1.0
"famous",3.0
"fan",40.0
"fancy",6.0
"fans",7.0
"fantasia",2.0
"fantastic",18.0
"fantastically",1.0
"fantasystyle",1.0
"fanthey",1.0
"far",33.0
"fare",7.0
"farm",10.0
"farmers",3.0
"farms",1.0
"fashion",4.0
"fashioned",1.0
"fast",12.0
"faster",3.0
"fastest",1.0
"fat",10.0
"fatass",1.0
"fatcue",1.0
"fate",1.0
"fateful",1.0
"fats",1.0
"fatty",6.0
"fault",4.0
"fav",5.0
"fava",1.0
"fave",3.0
"faves",3.0
"favor",4.0
"favorite",73.0
"favorites",10.0
"favourite",1.0
"favs",2.0
"fb",7.0
"fear",1.0
"feature",4.0
"featured",1.0
"features",4.0
"featuring",3.0
"february",2.0
"fed",1.0
"fee",2.0
"feed",2.0
"feel",56.0
"feeling",12.0
"feelings",1.0
"feels",5.0
"fees",2.0
"feet",3.0
"fell",4.0
"fellas",1.0
"fellow",6.0
"felt",12.0
"female",3.0
"fence",1.0
"fend",1.0
"fest",1.0
"festival",1.0
"feta",12.0
"fettuccine",1.0
"fettucine",1.0
"fettucini",1.0
"fever",1.0
"few",82.0
"fewer",1.0
"fiance",2.0
"fianlly",2.0
"fibbers",1.0
"fickle",1.0
"field",1.0
"fifth",2.0
"fig",3.0
"fight",1.0
"fighting",1.0
"figs",3.0
"figure",9.0
"figured",5.0
"figuring",1.0
"filet",8.0
"filets",2.0
"fill",4.0
"filld",1.0
"filled",6.0
"fillednot",1.0
"filler",1.0
"filling",5.0
"fillings",1.0
"fills",1.0
"filo",1.0
"filpflops",1.0
"fin",1.0
"final",3.0
"finally",20.0
"finallya",2.0
"finals",1.0
"find",47.0
"finding",3.0
"fine",24.0
"finely",1.0
"fing",1.0
"finger",4.0
"fingers",1.0
"finicky",1.0
"finish",8.0
"finished",12.0
"finishing",1.0
"fir",1.0
"fire",4.0
"firecracker",1.0
"fireplace",1.0
"fireplaces",1.0
"first",96.0
"firstly",1.0
"firstthe",1.0
"fish",44.0
"fishy",1.0
"fit",2.0
"fitting",2.0
"five",12.0
"fix",2.0
"fixe",3.0
"fixed",1.0
"flags",2.0
"flair",1.0
"flaky",1.0
"flare",1.0
"flash",1.0
"flashlight",2.0
"flat",6.0
"flatbread",5.0
"flatscreen",1.0
"flatscreens",1.0
"flautas",2.0
"flava",1.0
"flavor",48.0
"flavore",1.0
"flavored",7.0
"flavorful",15.0
"flavorfulwhich",1.0
"flavors",25.0
"flaws",1.0
"fleming",3.0
"flemings",9.0
"flemmings",1.0
"flesh",1.0
"flexibility",1.0
"flights",1.0
"flipflops",1.0
"flirting",2.0
"float",1.0
"floor",5.0
"floppy",1.0
"floral",2.0
"flos",6.0
"flour",1.0
"flow",2.0
"flower",1.0
"flowers",2.0
"flowing",2.0
"fluffy",1.0
"fluorescent",1.0
"flw",2.0
"flyers",1.0
"flying",1.0
"fo",1.0
"focaccia",2.0
"foccacia",1.0
"focused",1.0
"foie",5.0
"foil",2.0
"fois",1.0
"folgers",1.0
"folks",7.0
"follow",3.0
"followed",3.0
"following",1.0
"fond",1.0
"fondly",1.0
"fondue",2.0
"food",313.0
"foodbut",1.0
"fooddrinks",1.0
"foodeating",1.0
"foodie",3.0
"foodnot",1.0
"foods",9.0
"fools",1.0
"foot",2.0
"football",3.0
"forbidden",1.0
"force",2.0
"forced",2.0
"forcing",1.0
"foremost",1.0
"forever",1.0
"forfeit",1.0
"forget",13.0
"forgivable",1.0
"forgot",7.0
"forgotten",3.0
"forin",1.0
"fork",2.0
"forks",1.0
"form",5.0
"former",1.0
"formerly",1.0
"forth",7.0
"fortune",2.0
"forward",3.0
"found",32.0
"fountain",1.0
"four",25.0
"fours",1.0
"foursome",1.0
"fourstar",1.0
"fourway",1.0
"fox",1.0
"frame",1.0
"fran",1.0
"francisco",3.0
"frankly",1.0
"fraud",1.0
"freaked",1.0
"freakin",2.0
"freaking",1.0
"freaks",2.0
"fred",1.0
"freds",1.0
"free",68.0
"freestanding",1.0
"freezer",2.0
"french",10.0
"frequent",8.0
"frequented",2.0
"frequenting",1.0
"frequently",3.0
"fresca",1.0
"fresh",80.0
"fresher",3.0
"freshest",1.0
"freshfried",1.0
"freshly",4.0
"freshlymixed",1.0
"freshlysqueezed",1.0
"freshsqueezedhandmixed",1.0
"fri",1.0
"friday",20.0
"fridays",2.0
"fridge",1.0
"fried",41.0
"friend",48.0
"friendlier",1.0
"friendly",64.0
"friends",54.0
"fries",47.0
"friesaioli",1.0
"friesthey",1.0
"fritter",1.0
"fritters",3.0
"fro",1.0
"fromi",2.0
"front",16.0
"frosting",3.0
"frosty",1.0
"frou",2.0
"frown",1.0
"froyo",8.0
"frozen",9.0
"fruit",11.0
"fruity",3.0
"fry",1.0
"fufu",3.0
"fuggin",1.0
"full",41.0
"fullprice",1.0
"fullservice",2.0
"fully",6.0
"fun",33.0
"fund",1.0
"fundamentals",1.0
"fundido",2.0
"funditos",1.0
"fundraiser",1.0
"fungus",2.0
"funkytrendy",2.0
"funny",9.0
"furnature",2.0
"furniture",1.0
"furthermore",1.0
"future",4.0
"fyi",4.0
"g",1.0
"gag",1.0
"gal",3.0
"gallon",1.0
"galore",1.0
"game",20.0
"games",9.0
"gangsings",1.0
"gangsta",1.0
"gardein",1.0
"garden",6.0
"garlic",10.0
"garlicky",1.0
"garnish",2.0
"garnishes",1.0
"gasoline",1.0
"gate",1.0
"gated",2.0
"gave",28.0
"geisha",1.0
"gelato",3.0
"gem",5.0
"general",5.0
"generally",6.0
"generous",18.0
"generously",2.0
"genius",1.0
"gentleman",1.0
"gentlemen",1.0
"genuinely",2.0
"georgie",3.0
"germaine",1.0
"german",5.0
"germany",1.0
"germs",1.0
"gesture",1.0
"get",239.0
"getaway",1.0
"gets",19.0
"getting",36.0
"gettogether",1.0
"gf",6.0
"ghosts",1.0
"giant",6.0
"gift",17.0
"gifts",1.0
"gigantic",3.0
"gilbert",1.0
"gimmick",1.0
"gin",2.0
"ginger",9.0
"gingersoy",1.0
"ginormous",1.0
"girl",12.0
"girlfirends",1.0
"girlfriend",4.0
"girlfriends",2.0
"girls",16.0
"girly",4.0
"give",60.0
"given",14.0
"gives",4.0
"giving",11.0
"glad",21.0
"gladly",2.0
"glance",1.0
"glare",1.0
"glass",35.0
"glasses",18.0
"glazed",4.0
"glendale",2.0
"gloomy",1.0
"glorious",3.0
"glory",1.0
"gluedtogether",1.0
"gluten",5.0
"glutenfree",1.0
"gm",2.0
"go",172.0
"goat",8.0
"gob",1.0
"gobbled",1.0
"god",2.0
"goers",1.0
"goes",16.0
"gogh",1.0
"going",73.0
"gold",6.0
"golden",4.0
"gon",2.0
"gone",11.0
"good",436.0
"goodbye",1.0
"goodies",1.0
"goodlooking",1.0
"goodness",6.0
"goods",2.0
"goodso",1.0
"goodtasting",1.0
"goodwe",1.0
"gooey",1.0
"google",1.0
"googled",1.0
"gooood",2.0
"goose",2.0
"gorganzola",2.0
"gorgeous",1.0
"gosh",2.0
"got",109.0
"goto",6.0
"gotten",4.0
"gourmet",3.0
"goyza",1.0
"gps",1.0
"grab",5.0
"grabbed",1.0
"grace",1.0
"gracefully",2.0
"gracious",1.0
"graduation",1.0
"grain",1.0
"grand",4.0
"grande",1.0
"grandma",1.0
"granita",1.0
"granted",2.0
"grants",1.0
"grape",2.0
"grapefruit",1.0
"grapes",7.0
"gras",5.0
"grasbecause",1.0
"grass",4.0
"grated",3.0
"gratifying",1.0
"gratitude",1.0
"gratuity",3.0
"gravel",2.0
"grazed",2.0
"greasiness",1.0
"greasy",4.0
"great",339.0
"greatest",1.0
"greatfriendly",2.0
"greatly",1.0
"greattasting",1.0
"greek",5.0
"greeks",1.0
"green",32.0
"greenhow",1.0
"greens",5.0
"greet",3.0
"greeted",6.0
"greeting",1.0
"grenade",1.0
"grew",1.0
"grey",1.0
"grigio",1.0
"grill",12.0
"grilled",20.0
"grillgo",1.0
"grimaldis",2.0
"grip",1.0
"gripe",1.0
"gristly",1.0
"grits",2.0
"groceries",3.0
"grocery",8.0
"groove",1.0
"gross",2.0
"ground",4.0
"grounds",1.0
"group",25.0
"groupon",13.0
"groups",6.0
"grow",1.0
"grown",1.0
"grows",2.0
"gruyere",1.0
"guacamole",4.0
"guadeloupe",1.0
"guano",1.0
"guaranteed",2.0
"guava",1.0
"guess",20.0
"guest",3.0
"guests",8.0
"guide",1.0
"guillermo",1.0
"guilty",1.0
"guiness",1.0
"guinness",6.0
"guitar",2.0
"gum",1.0
"gummy",2.0
"guy",13.0
"guys",23.0
"gyro",4.0
"gyros",5.0
"h",3.0
"ha",2.0
"habanero",2.0
"habanerobased",1.0
"hadnt",2.0
"haha",1.0
"hahaha",1.0
"hahahhaa",1.0
"haired",1.0
"half",68.0
"halffilled",1.0
"halfoff",3.0
"halfprice",3.0
"halfs",1.0
"halfway",2.0
"hall",1.0
"hallelujah",1.0
"hallway",1.0
"halves",2.0
"ham",3.0
"hamachi",1.0
"hamburger",6.0
"hamburgers",1.0
"hammered",1.0
"hand",5.0
"handed",1.0
"handformed",1.0
"handful",1.0
"handle",3.0
"handled",2.0
"handmade",1.0
"handrolls",4.0
"hands",4.0
"handsfree",1.0
"hang",2.0
"hanging",9.0
"hangout",1.0
"happen",3.0
"happened",2.0
"happens",4.0
"happier",2.0
"happily",3.0
"happy",382.0
"happyhour",1.0
"harajuku",2.0
"hard",37.0
"hardened",2.0
"harder",1.0
"harry",1.0
"harsh",1.0
"harvest",1.0
"hash",4.0
"hasnt",2.0
"hassle",1.0
"hate",14.0
"hated",2.0
"haunt",1.0
"havana",2.0
"haven",1.0
"havent",14.0
"havesooo",1.0
"hawaiian",5.0
"hawking",1.0
"hazelnut",2.0
"hazelwoods",4.0
"hazelwoodss",1.0
"hd",2.0
"head",11.0
"headachey",1.0
"headed",4.0
"heading",1.0
"headlined",1.0
"headoverheels",1.0
"headphones",1.0
"headsup",2.0
"health",1.0
"healthconscious",1.0
"healthful",1.0
"healthy",10.0
"heaped",2.0
"heaping",1.0
"hear",9.0
"heard",8.0
"hearing",3.0
"heart",6.0
"heartier",1.0
"hearty",2.0
"heat",7.0
"heaters",3.0
"heating",1.0
"heaven",7.0
"heavy",6.0
"heavyhanded",2.0
"heck",2.0
"hed",3.0
"heels",6.0
"hefe",2.0
"hefeweizen",5.0
"heft",1.0
"hehe",1.0
"heinous",1.0
"heirloom",1.0
"hell",7.0
"hella",1.0
"hello",3.0
"help",15.0
"helped",10.0
"helpful",15.0
"helping",2.0
"helps",1.0
"hence",2.0
"henna",7.0
"herb",3.0
"herberger",2.0
"herbs",1.0
"herbscabernet",1.0
"hereattentive",1.0
"heres",5.0
"heritage",2.0
"herringbone",1.0
"hersheys",1.0
"hes",8.0
"hesitant",1.0
"hesitate",1.0
"hesitation",1.0
"hey",5.0
"hfcs",1.0
"hh",14.0
"hi",4.0
"hibachi",2.0
"hibernation",1.0
"hibiscus",1.0
"hidden",2.0
"high",22.0
"highend",1.0
"higher",5.0
"highlight",9.0
"highlights",2.0
"highly",12.0
"highpriced",1.0
"highquality",1.0
"highway",1.0
"hilton",1.0
"hint",5.0
"hints",1.0
"hip",5.0
"hipper",2.0
"hippie",1.0
"hipster",2.0
"hipstery",1.0
"hired",1.0
"history",4.0
"hit",16.0
"hitch",1.0
"hits",3.0
"hitting",3.0
"hmm",2.0
"hmmm",2.0
"ho",1.0
"hold",11.0
"holder",1.0
"holding",2.0
"hole",2.0
"holiday",3.0
"holly",1.0
"holy",4.0
"home",24.0
"homealways",1.0
"homecooked",2.0
"homeits",1.0
"homemade",8.0
"homer",1.0
"homey",1.0
"homies",2.0
"honest",5.0
"honestly",13.0
"honey",5.0
"honored",2.0
"hood",3.0
"hook",1.0
"hooked",3.0
"hoop",2.0
"hooters",1.0
"hop",1.0
"hope",7.0
"hopefully",2.0
"hopes",1.0
"hoppin",2.0
"hops",1.0
"horchata",1.0
"hork",1.0
"horney",1.0
"horns",1.0
"horny",2.0
"horrendous",1.0
"horrible",4.0
"horse",3.0
"horseradish",6.0
"horseshoe",1.0
"horsetail",1.0
"hospitable",1.0
"host",5.0
"hostess",8.0
"hostesses",2.0
"hosting",1.0
"hosts",1.0
"hot",58.0
"hotdog",2.0
"hotel",15.0
"hotels",1.0
"hottest",3.0
"hotwire",1.0
"hour",345.0
"hourbonus",1.0
"hours",29.0
"house",38.0
"housed",1.0
"houses",1.0
"housesmoked",1.0
"hover",1.0
"however",47.0
"howling",1.0
"hr",4.0
"httpbitlydfreq",1.0
"httpschmoozeazcomblogp",1.0
"httptwitpiccomxh",1.0
"httpwwwyelpcombiz_photoskqphakzktrfyfkuvgqselectczsotixihwdrcsfrq",1.0
"httpwwwyelpcombiz_photoskqphakzktrfyfkuvgqselectslojmomebkwactzyhskq",1.0
"httpwwwyelpcombiz_photoskqphakzktrfyfkuvgqselectwyzwxyjrtkuxssuwnksw",1.0
"httpwwwyelpcombiz_photosnyghlwxl_kxfhfrvhwselectufsikg_mzxbgvezreda",1.0
"hubby",5.0
"hubs",4.0
"huckleberry",1.0
"hue",2.0
"huge",51.0
"huitlacoche",1.0
"human",2.0
"humans",2.0
"humble",3.0
"humiliate",1.0
"hummus",22.0
"hundred",1.0
"hungover",1.0
"hungry",11.0
"hunks",1.0
"hunny",1.0
"hunt",1.0
"hurricanes",4.0
"hurried",1.0
"hurry",3.0
"hurt",1.0
"husband",17.0
"husbands",3.0
"hustle",1.0
"hustled",2.0
"hydrated",1.0
"hype",1.0
"hyperbole",1.0
"iain",2.0
"ibites",1.0
"ice",36.0
"iceberg",1.0
"iced",8.0
"icey",1.0
"icier",2.0
"icing",2.0
"id",42.0
"idea",16.0
"ideal",2.0
"identical",1.0
"idiot",1.0
"idk",1.0
"idol",1.0
"iffy",1.0
"ignite",1.0
"ignorance",2.0
"ignored",2.0
"ihop",1.0
"ill",44.0
"im",135.0
"imagination",1.0
"imaginative",1.0
"imagine",4.0
"imagined",2.0
"imbibing",1.0
"imho",1.0
"imitation",2.0
"immediate",1.0
"immediately",5.0
"immensely",1.0
"imperfections",1.0
"imperial",2.0
"implement",1.0
"implicitlyso",1.0
"important",6.0
"importantand",1.0
"importantly",1.0
"imported",1.0
"importeddrinkable",2.0
"impossible",1.0
"imposter",1.0
"impress",2.0
"impressed",14.0
"impression",2.0
"impressive",6.0
"improve",1.0
"improves",1.0
"inappropriate",2.0
"inattentive",1.0
"inch",1.0
"inches",3.0
"include",2.0
"included",12.0
"includes",11.0
"including",30.0
"inclusion",1.0
"inconsistency",2.0
"inconsistent",2.0
"incorporating",2.0
"incredible",8.0
"incredibly",3.0
"indeed",1.0
"independent",1.0
"indian",9.0
"indication",2.0
"indiehipster",1.0
"individual",1.0
"individuals",1.0
"indoor",2.0
"induced",2.0
"indulged",2.0
"indulgent",1.0
"indulging",1.0
"industrial",1.0
"industry",4.0
"indy",1.0
"inexpensive",6.0
"inexperienced",2.0
"infinitely",1.0
"influence",1.0
"influenced",1.0
"information",2.0
"informed",2.0
"infused",2.0
"ingenious",1.0
"ingredients",12.0
"ingredientsdefinitely",1.0
"inhaled",3.0
"initially",3.0
"initiated",2.0
"innout",4.0
"inordinate",2.0
"inquiring",1.0
"insane",2.0
"insanely",2.0
"insert",1.0
"inside",37.0
"insideperhaps",1.0
"inspired",5.0
"inspires",1.0
"instance",1.0
"instances",1.0
"instantly",1.0
"instead",25.0
"instore",1.0
"instructions",1.0
"insult",2.0
"intake",1.0
"integrity",1.0
"intend",1.0
"intended",2.0
"intense",1.0
"intention",1.0
"intently",1.0
"interest",2.0
"interested",3.0
"interesting",7.0
"interior",2.0
"interjects",1.0
"interrupted",1.0
"intervals",2.0
"intimate",10.0
"intimidation",1.0
"intolerant",2.0
"intricately",1.0
"intrigued",1.0
"introduce",1.0
"introduced",3.0
"introduces",1.0
"introducing",1.0
"inventiveand",1.0
"inventiveness",1.0
"investing",1.0
"invisible",3.0
"invite",2.0
"invited",6.0
"inviting",3.0
"involve",1.0
"involved",5.0
"ipa",1.0
"ipad",1.0
"iphone",2.0
"irie",1.0
"irish",11.0
"irishman",1.0
"iron",2.0
"irritates",1.0
"isfor",1.0
"ish",3.0
"islandtropical",1.0
"isn",2.0
"isnt",16.0
"isreal",1.0
"issue",3.0
"issues",1.0
"italian",9.0
"italy",2.0
"item",9.0
"items",32.0
"itemsif",1.0
"itemskinda",1.0
"itnever",1.0
"itvinaigrette",1.0
"ityum",2.0
"ivan",1.0
"ive",124.0
"j",1.0
"jack",2.0
"jacket",1.0
"jacob",1.0
"jade",3.0
"jalapeno",7.0
"jalapenos",1.0
"jalapeño",1.0
"jalapeños",1.0
"jalepeno",1.0
"jamaica",1.0
"jamaican",3.0
"jams",1.0
"jap",2.0
"japanese",8.0
"jar",2.0
"jared",2.0
"jasons",1.0
"java",1.0
"jazz",1.0
"jealous",1.0
"jeane",1.0
"jeans",2.0
"jelly",1.0
"jenga",1.0
"jenn",2.0
"jenny",1.0
"jersey",1.0
"jess",1.0
"jessica",1.0
"jesus",1.0
"jewish",6.0
"jicama",2.0
"jig",1.0
"jim",1.0
"jimmy",4.0
"job",11.0
"jobs",1.0
"joe",4.0
"joes",2.0
"john",2.0
"johns",1.0
"join",1.0
"joint",7.0
"joints",3.0
"joke",4.0
"joking",2.0
"jolly",1.0
"jolta",1.0
"jowel",1.0
"joy",1.0
"juans",1.0
"judge",1.0
"judgmental",1.0
"jug",1.0
"juice",7.0
"juiciness",1.0
"juicy",3.0
"julian",1.0
"julie",1.0
"july",1.0
"jumbo",2.0
"jumped",1.0
"jumpers",1.0
"jumping",1.0
"jungle",1.0
"junkie",1.0
"jus",4.0
"just",226.0
"justifying",1.0
"juuust",1.0
"juxtaposition",1.0
"jv",1.0
"k",1.0
"kabob",2.0
"kabobs",2.0
"kabuki",1.0
"kafta",1.0
"kaiser",1.0
"kalamata",2.0
"kalbi",2.0
"kama",1.0
"karaoke",6.0
"karma",1.0
"karshs",1.0
"kathy",3.0
"keep",32.0
"keeper",1.0
"keeping",4.0
"keeps",3.0
"keg",8.0
"kegs",1.0
"kegsteakhousecom",1.0
"kelly",1.0
"kelton",3.0
"keltons",1.0
"kenny",1.0
"kennys",1.0
"kept",13.0
"kerri",1.0
"kettle",2.0
"key",2.0
"kezcom",1.0
"khairas",1.0
"kick",5.0
"kicken",1.0
"kicks",2.0
"kid",3.0
"kidding",1.0
"kids",18.0
"kierland",2.0
"killed",2.0
"killer",6.0
"killing",1.0
"kilt",2.0
"kiltlifters",1.0
"kilts",1.0
"kimchi",4.0
"kims",1.0
"kind",34.0
"kinda",10.0
"kinds",2.0
"king",2.0
"kinki",2.0
"kirin",2.0
"kit",1.0
"kitchen",12.0
"kitty",2.0
"knew",13.0
"knocks",2.0
"knotch",2.0
"know",78.0
"knowblink",1.0
"knowing",4.0
"knowledgable",1.0
"knowledgeable",10.0
"known",8.0
"knows",3.0
"kobe",2.0
"koi",1.0
"kona",1.0
"kooler",2.0
"kore",1.0
"korean",7.0
"kudos",2.0
"kung",1.0
"kyoto",1.0
"l",3.0
"la",6.0
"label",1.0
"labels",1.0
"laboriously",1.0
"laced",2.0
"lack",9.0
"lacked",3.0
"lacking",4.0
"lacks",3.0
"laden",1.0
"ladies",4.0
"lady",6.0
"ladys",1.0
"lager",2.0
"laid",8.0
"laidback",1.0
"lamb",8.0
"lame",1.0
"lamps",1.0
"land",2.0
"landlocked",1.0
"landmark",1.0
"lane",1.0
"language",2.0
"laptop",1.0
"larb",1.0
"lard",1.0
"large",38.0
"larger",6.0
"las",5.0
"lasagna",1.0
"lasagne",3.0
"last",75.0
"lasted",1.0
"lasting",1.0
"lastly",3.0
"late",21.0
"lately",1.0
"later",14.0
"latest",1.0
"latina",1.0
"latte",3.0
"latter",1.0
"laugh",1.0
"laughed",1.0
"laughing",1.0
"laundry",2.0
"lava",2.0
"lavosh",2.0
"laying",1.0
"layout",1.0
"lays",1.0
"lazy",1.0
"lb",2.0
"lcds",1.0
"lean",4.0
"learned",3.0
"learning",1.0
"least",27.0
"leave",20.0
"leaves",3.0
"leaving",8.0
"lebaneseyou",2.0
"leches",2.0
"lee",3.0
"leeks",2.0
"lees",5.0
"left",29.0
"leftovers",5.0
"legit",2.0
"legs",3.0
"lemon",15.0
"lemonade",6.0
"lemonchickenrice",1.0
"lemongrass",2.0
"lemonraspberry",2.0
"lemony",1.0
"lends",2.0
"lengthy",3.0
"lentil",2.0
"leo",1.0
"less",16.0
"lesson",3.0
"lessons",1.0
"let",21.0
"lethargic",2.0
"lets",8.0
"letter",1.0
"letting",2.0
"lettuce",13.0
"level",4.0
"levels",1.0
"license",1.0
"lick",1.0
"lickin",2.0
"life",6.0
"lifestyle",1.0
"light",33.0
"lighted",1.0
"lighter",3.0
"lightheartedly",1.0
"lighting",2.0
"lightly",5.0
"lightness",1.0
"lights",6.0
"like",289.0
"liked",21.0
"likehence",1.0
"likely",4.0
"likes",3.0
"liking",2.0
"lime",4.0
"limey",1.0
"limited",7.0
"limits",1.0
"linda",1.0
"line",19.0
"lined",1.0
"lines",2.0
"lineup",1.0
"linger",1.0
"liptons",1.0
"liquid",4.0
"liquor",6.0
"liquors",2.0
"lish",1.0
"list",28.0
"listed",6.0
"listen",1.0
"listening",2.0
"listing",1.0
"lit",6.0
"lite",1.0
"literally",12.0
"littering",1.0
"little",117.0
"live",23.0
"lived",6.0
"lively",1.0
"lives",5.0
"living",5.0
"lo",2.0
"loaded",3.0
"lobby",2.0
"lobbys",2.0
"lobster",14.0
"local",31.0
"localdines",1.0
"locally",1.0
"locals",4.0
"located",9.0
"location",48.0
"locations",6.0
"locks",1.0
"lodge",4.0
"log",1.0
"logo",1.0
"lol",6.0
"lollipops",3.0
"lone",2.0
"long",67.0
"lons",4.0
"look",28.0
"looked",23.0
"looking",26.0
"lookout",2.0
"looks",12.0
"looksome",2.0
"looooove",1.0
"looove",1.0
"loop",1.0
"looses",1.0
"lord",1.0
"lori",1.0
"los",7.0
"lose",1.0
"loses",1.0
"loss",1.0
"lost",4.0
"lot",49.0
"lotion",1.0
"lots",18.0
"lotsa",1.0
"lou",2.0
"loud",16.0
"louder",2.0
"louisiana",1.0
"lounge",4.0
"love",140.0
"loved",27.0
"lovely",7.0
"lover",6.0
"lovers",3.0
"loves",3.0
"lovewith",1.0
"loving",1.0
"lovingly",1.0
"low",14.0
"lower",5.0
"lowest",1.0
"lowkeybutenergetic",1.0
"loyal",1.0
"loyalty",4.0
"lucca",2.0
"lucis",2.0
"luck",3.0
"luckily",12.0
"lucky",2.0
"lukewarm",2.0
"lulus",4.0
"lunch",100.0
"lunchearly",1.0
"luncheon",1.0
"lunches",3.0
"lunchnot",2.0
"lunchthe",1.0
"lunchtime",1.0
"lure",1.0
"lurk",1.0
"luv",1.0
"lux",2.0
"lves",1.0
"lying",3.0
"m",1.0
"mac",11.0
"macadamia",1.0
"macademia",2.0
"macadmia",1.0
"macaroni",6.0
"macaroons",1.0
"macchiato",1.0
"machine",1.0
"mad",1.0
"made",67.0
"mafia",1.0
"magazine",1.0
"magazines",2.0
"magic",2.0
"magical",3.0
"magnificent",2.0
"mahi",3.0
"mai",2.0
"mailers",2.0
"main",12.0
"mainly",9.0
"mainstay",1.0
"maizies",6.0
"majestic",2.0
"major",9.0
"majority",2.0
"majorly",1.0
"make",67.0
"makers",1.0
"makes",18.0
"making",18.0
"malibu",2.0
"mall",7.0
"malt",1.0
"mama",3.0
"mamma",5.0
"mammadeaux",1.0
"mammoth",1.0
"man",6.0
"manage",2.0
"managed",2.0
"management",1.0
"managements",1.0
"manager",17.0
"mane",1.0
"mangalitsa",1.0
"manger",1.0
"mango",3.0
"manhattan",1.0
"manicure",1.0
"manna",1.0
"manner",2.0
"mans",5.0
"manup",1.0
"many",55.0
"marcellas",7.0
"march",1.0
"marg",4.0
"margarita",19.0
"margaritas",17.0
"margaritaville",1.0
"margatini",1.0
"margerita",1.0
"margherita",2.0
"marginally",1.0
"margs",1.0
"marijuana",1.0
"marinara",1.0
"marinated",4.0
"mark",2.0
"marked",2.0
"market",16.0
"marketi",1.0
"marketplace",1.0
"markets",2.0
"markettj",1.0
"marking",2.0
"marks",2.0
"married",1.0
"marry",1.0
"marsella",2.0
"martini",12.0
"martinis",19.0
"mary",3.0
"marys",2.0
"mascarpone",5.0
"mash",2.0
"mashed",7.0
"mask",1.0
"mason",1.0
"mass",2.0
"massage",1.0
"massive",1.0
"massproduction",2.0
"mastacciolo",1.0
"master",1.0
"mastered",2.0
"matanzas",1.0
"match",1.0
"matches",1.0
"material",1.0
"math",1.0
"matt",3.0
"matter",12.0
"mattermy",1.0
"matters",2.0
"matts",1.0
"maxwell",2.0
"maxxpetsmart",1.0
"may",34.0
"maybe",36.0
"mayo",3.0
"maytag",1.0
"maze",2.0
"mbfg",2.0
"mccormicks",2.0
"mcdonalds",3.0
"mcdowell",1.0
"mcds",1.0
"mcgrath",2.0
"mcgregor",1.0
"mckellips",1.0
"meal",56.0
"meals",13.0
"mean",10.0
"meaning",3.0
"means",14.0
"meant",1.0
"measure",1.0
"meat",36.0
"meatball",6.0
"meatballs",4.0
"meatmarket",1.0
"meats",5.0
"mebut",1.0
"med",1.0
"medal",1.0
"medallion",1.0
"medallions",1.0
"medical",2.0
"medicine",3.0
"mediocre",1.0
"medium",11.0
"mediumdark",1.0
"meet",7.0
"meeting",4.0
"meetinglunch",1.0
"meets",2.0
"meetup",1.0
"meh",4.0
"mein",2.0
"melded",1.0
"mellow",1.0
"melt",2.0
"melted",7.0
"meltinyourmouth",2.0
"melts",1.0
"members",2.0
"membership",1.0
"memorial",1.0
"men",3.0
"menagerie",1.0
"mental",1.0
"mention",9.0
"mentioned",8.0
"mentions",1.0
"menu",146.0
"menuand",1.0
"menus",11.0
"menusbut",1.0
"merely",1.0
"merits",1.0
"merlot",1.0
"mesa",3.0
"mess",4.0
"messed",1.0
"messy",2.0
"mestrangers",1.0
"met",13.0
"metal",3.0
"metro",2.0
"mexcian",1.0
"mexicali",2.0
"mexican",16.0
"mexico",1.0
"mf",4.0
"mi",3.0
"mia",1.0
"mias",5.0
"micah",1.0
"michael",1.0
"mickeys",1.0
"micro",1.0
"micromanaged",1.0
"midcentury",1.0
"midcenturymodernsouthwest",1.0
"midday",1.0
"middle",11.0
"midweek",1.0
"midwest",1.0
"might",20.0
"mighty",1.0
"mignon",1.0
"mike",1.0
"mild",3.0
"milder",1.0
"mildew",1.0
"mile",2.0
"miles",1.0
"milk",1.0
"mill",9.0
"miller",2.0
"million",1.0
"min",2.0
"mina",1.0
"mind",20.0
"mindblowing",1.0
"minded",2.0
"minds",2.0
"mine",8.0
"mini",13.0
"miniature",1.0
"minijukeboxes",1.0
"minimum",6.0
"miniture",1.0
"minnesota",3.0
"mins",1.0
"mint",3.0
"mints",1.0
"minus",2.0
"minuses",3.0
"minute",8.0
"minutes",25.0
"mishmash",1.0
"miso",2.0
"misoyaki",1.0
"miss",10.0
"missile",1.0
"missing",3.0
"misssss",1.0
"mist",1.0
"misters",6.0
"mix",13.0
"mixed",11.0
"mixing",1.0
"mixologist",2.0
"mixso",1.0
"mmm",3.0
"mmmmm",1.0
"mmmmmm",1.0
"mmmmmmmmmmmmmms",1.0
"moatside",1.0
"mock",1.0
"mod",1.0
"moderate",1.0
"moderately",1.0
"modern",5.0
"modernized",1.0
"modest",1.0
"modify",1.0
"moist",8.0
"moisture",1.0
"mojito",10.0
"mojitos",8.0
"mojo",12.0
"mole",4.0
"moleway",1.0
"molinos",1.0
"molten",1.0
"moly",1.0
"mom",14.0
"moment",8.0
"moms",3.0
"mon",1.0
"monday",19.0
"mondayfriday",1.0
"mondays",1.0
"mondrian",1.0
"money",11.0
"monfri",1.0
"mongolian",1.0
"moniker",1.0
"monk",4.0
"monkey",1.0
"monsat",1.0
"monster",2.0
"month",12.0
"monthly",2.0
"months",6.0
"montue",1.0
"mood",6.0
"moon",5.0
"morning",5.0
"morrocan",1.0
"mortons",1.0
"moscato",2.0
"moscow",1.0
"mostly",11.0
"moulds",1.0
"mountain",1.0
"mountains",2.0
"mousaka",3.0
"mousse",3.0
"mouth",14.0
"mouthfeel",1.0
"move",2.0
"moved",10.0
"movie",8.0
"movies",2.0
"moving",1.0
"mozeralla",1.0
"mozz",1.0
"mozzarella",6.0
"mr",3.0
"ms",2.0
"msg",1.0
"mu",1.0
"muay",1.0
"much",90.0
"muddle",1.0
"muddled",1.0
"muffin",1.0
"muffins",1.0
"mug",1.0
"mugs",1.0
"mule",1.0
"multifaceted",1.0
"multiple",8.0
"munching",1.0
"muscles",1.0
"mushed",1.0
"mushroom",10.0
"mushroomolive",1.0
"mushrooms",15.0
"mushy",5.0
"music",27.0
"musical",1.0
"mussels",4.0
"must",23.0
"mustard",5.0
"mustards",2.0
"mustsee",1.0
"mustve",1.0
"musty",1.0
"n",9.0
"na",3.0
"naan",1.0
"nab",1.0
"nachos",5.0
"nadine",2.0
"nail",1.0
"naked",1.0
"name",17.0
"named",1.0
"namely",1.0
"names",6.0
"napkin",1.0
"napkins",3.0
"napoleons",1.0
"narrowing",1.0
"nary",1.0
"nasty",2.0
"nate",1.0
"national",1.0
"natural",3.0
"naturalherbalhomeopathic",1.0
"naturally",2.0
"nature",1.0
"naughty",2.0
"nauseating",2.0
"nc",2.0
"nd",3.0
"near",15.0
"nearby",1.0
"nearly",5.0
"neat",4.0
"neatest",1.0
"nebulous",1.0
"necessary",2.0
"necessitating",2.0
"necrophilia",1.0
"need",32.0
"needed",15.0
"needing",2.0
"needless",2.0
"needs",7.0
"negated",2.0
"negative",3.0
"negatives",5.0
"neglected",2.0
"neighborhood",7.0
"neighboring",1.0
"neither",2.0
"nerd",1.0
"nerve",1.0
"net",1.0
"netted",1.0
"network",2.0
"never",88.0
"nevermind",1.0
"nevertheless",1.0
"new",53.0
"newfound",1.0
"newsletter",1.0
"newspaper",1.0
"next",55.0
"nflers",1.0
"nice",117.0
"nicely",10.0
"nicelysized",1.0
"niceonly",1.0
"nicer",2.0
"nicest",1.0
"nicethey",2.0
"niche",1.0
"nico",1.0
"nigerian",1.0
"night",121.0
"nightly",2.0
"nights",12.0
"nightssold",1.0
"nigiri",6.0
"nikes",1.0
"nimrods",2.0
"nine",2.0
"ninja",1.0
"nirvana",1.0
"nm",1.0
"no",109.0
"nobody",1.0
"noca",1.0
"noir",1.0
"noirs",1.0
"noisy",4.0
"nom",1.0
"noms",1.0
"non",2.0
"nonalcoholic",2.0
"nondairy",2.0
"nondescript",2.0
"none",6.0
"nonetheless",2.0
"nonexistent",2.0
"nonmeat",2.0
"nononsense",1.0
"nonpretentious",1.0
"nonyelping",1.0
"noodle",2.0
"noodles",10.0
"noon",4.0
"nope",1.0
"nor",5.0
"norma",1.0
"normal",10.0
"normally",18.0
"north",11.0
"northeasternliberalslightly",1.0
"northern",1.0
"norwegian",1.0
"nosco",2.0
"noses",1.0
"nosh",1.0
"nostalgia",1.0
"nostalgic",1.0
"nostrils",2.0
"not",412.0
"notch",5.0
"note",6.0
"noted",1.0
"notes",2.0
"noteworthy",1.0
"notgreat",1.0
"nothing",34.0
"notice",4.0
"noticed",9.0
"noticing",2.0
"novice",1.0
"now",76.0
"nowhere",5.0
"number",13.0
"numbers",1.0
"numerous",1.0
"nut",4.0
"nutella",1.0
"nutrition",2.0
"nuts",6.0
"nutty",2.0
"nw",1.0
"ny",3.0
"nyc",2.0
"nye",1.0
"nypd",2.0
"nystyle",1.0
"o",1.0
"oak",4.0
"obligated",1.0
"obnoxious",1.0
"obnoxiously",1.0
"observation",1.0
"obsessed",1.0
"obsessively",1.0
"obvious",1.0
"obviously",4.0
"occasion",3.0
"occasional",3.0
"occasionally",2.0
"occasionaly",1.0
"occasions",3.0
"occassions",2.0
"occured",1.0
"ochazuke",1.0
"oclock",1.0
"october",1.0
"octopus",3.0
"odd",6.0
"oddly",1.0
"odell",1.0
"offended",1.0
"offer",23.0
"offered",15.0
"offering",7.0
"offerings",7.0
"offers",10.0
"office",5.0
"officially",1.0
"often",27.0
"og",1.0
"oh",42.0
"ohh",2.0
"ohhh",1.0
"ohhhhhhhhs",1.0
"oil",4.0
"oils",1.0
"oily",1.0
"ok",38.0
"okay",12.0
"okayhe",1.0
"okayit",1.0
"okonomiyaki",1.0
"okra",1.0
"ol",1.0
"old",28.0
"older",4.0
"oldermajor",1.0
"olive",10.0
"olives",5.0
"olivesshe",1.0
"olllllld",1.0
"omelet",3.0
"omg",5.0
"onceor",1.0
"one",248.0
"oneofakind",1.0
"ones",14.0
"onetwo",1.0
"onion",15.0
"onions",12.0
"onionsomething",1.0
"online",7.0
"only",163.0
"onlycheap",1.0
"onslaught",1.0
"onto",1.0
"onus",1.0
"oohing",2.0
"oozed",1.0
"open",34.0
"opened",9.0
"opening",5.0
"opentablecom",1.0
"operate",1.0
"opinion",3.0
"opportunists",1.0
"opportunities",1.0
"opportunity",6.0
"opposed",2.0
"opposite",3.0
"ops",1.0
"opt",5.0
"opted",4.0
"option",11.0
"options",33.0
"orange",4.0
"order",90.0
"orderd",1.0
"ordered",95.0
"ordering",13.0
"orders",18.0
"ordinary",1.0
"orecchiette",1.0
"oreo",1.0
"organic",7.0
"organicnatural",1.0
"organicspecialty",2.0
"organization",1.0
"organized",3.0
"oriented",1.0
"original",7.0
"originally",4.0
"ornamental",2.0
"ornate",1.0
"orzo",1.0
"os",2.0
"oscar",1.0
"others",16.0
"otherwise",7.0
"ottf",2.0
"ouch",2.0
"ounce",1.0
"oursno",1.0
"out",238.0
"outdoor",22.0
"outdoors",3.0
"outfitters",2.0
"outing",1.0
"outlets",1.0
"outofstate",1.0
"outofthisworld",2.0
"outoftown",1.0
"outrageously",3.0
"outside",43.0
"outstanding",10.0
"outweigh",3.0
"outwhich",1.0
"oven",3.0
"over",70.0
"overall",27.0
"overbearing",1.0
"overboard",1.0
"overcharged",1.0
"overcome",1.0
"overcooked",4.0
"overcrowded",1.0
"overdue",1.0
"overheadvery",2.0
"overimbibe",1.0
"overlap",1.0
"overlook",1.0
"overlooked",1.0
"overlooking",1.0
"overly",7.0
"overlydressed",1.0
"overnight",2.0
"overpower",2.0
"overpowering",2.0
"overpoweringly",1.0
"overpriced",6.0
"overrated",1.0
"overshadowed",1.0
"overstuffed",1.0
"overused",1.0
"overwhelmed",1.0
"overwhelming",1.0
"overwhelmn",1.0
"overwhlemed",1.0
"overworked",1.0
"overzealous",1.0
"owe",1.0
"owned",1.0
"owner",12.0
"ownermanager",1.0
"owners",8.0
"owns",1.0
"oxtail",1.0
"oye",1.0
"oyster",1.0
"oysters",4.0
"oystersor",1.0
"oz",7.0
"p",2.0
"pace",2.0
"pacific",2.0
"pacing",1.0
"pack",2.0
"package",2.0
"packed",14.0
"packs",5.0
"pad",4.0
"padres",2.0
"page",2.0
"pages",1.0
"paid",10.0
"pained",2.0
"paint",1.0
"painted",6.0
"pair",4.0
"paired",6.0
"pairing",1.0
"pal",1.0
"palace",5.0
"palette",2.0
"palled",1.0
"pallete",1.0
"palmer",1.0
"palo",1.0
"pamper",1.0
"pancakes",1.0
"pancetta",1.0
"pandan",1.0
"pane",1.0
"panfried",2.0
"panini",5.0
"panko",1.0
"pants",2.0
"pao",1.0
"papa",1.0
"paparazzi",1.0
"paper",12.0
"pappadeaux",1.0
"par",5.0
"paradise",1.0
"paraphernalia",2.0
"parents",3.0
"park",9.0
"parked",1.0
"parking",32.0
"parmasiana",1.0
"parmesan",4.0
"parmesancoated",1.0
"parsley",1.0
"part",24.0
"partake",1.0
"participation",1.0
"particular",5.0
"particularly",4.0
"parties",4.0
"partridge",1.0
"parts",2.0
"party",29.0
"partying",1.0
"pass",6.0
"passable",1.0
"passed",1.0
"passes",1.0
"passing",3.0
"passion",1.0
"passionate",1.0
"passionfruit",1.0
"past",10.0
"pasta",35.0
"pastas",1.0
"paste",1.0
"pasties",2.0
"pastitsio",2.0
"pastor",2.0
"pastrami",4.0
"pastries",1.0
"pastry",2.0
"pasts",2.0
"pasty",4.0
"pat",1.0
"patch",1.0
"pate",1.0
"path",1.0
"pathways",1.0
"patience",1.0
"patient",2.0
"patiently",3.0
"patio",64.0
"patrolledor",2.0
"patron",4.0
"patronize",1.0
"patrons",7.0
"pats",2.0
"pattern",1.0
"patterns",2.0
"patty",2.0
"pay",14.0
"payday",2.0
"paying",5.0
"payment",1.0
"pays",1.0
"pb",4.0
"pbj",1.0
"pbr",2.0
"peaceful",1.0
"peacetime",1.0
"peach",1.0
"peaches",1.0
"peak",1.0
"peaks",8.0
"peanut",3.0
"pear",9.0
"pearl",2.0
"pears",1.0
"peas",3.0
"pecan",1.0
"peccorino",1.0
"pecials",1.0
"peckish",1.0
"pecorino",2.0
"pee",1.0
"peeing",1.0
"peeking",1.0
"peeps",2.0
"peeve",1.0
"peeves",1.0
"peiwei",2.0
"penny",3.0
"people",82.0
"peoples",3.0
"peoria",1.0
"peperoni",1.0
"pepper",5.0
"peppercorn",1.0
"peppered",2.0
"pepperoni",4.0
"peppers",11.0
"peppery",1.0
"pepporoni",1.0
"per",12.0
"percent",1.0
"perfect",45.0
"perfection",6.0
"perfectly",17.0
"performance",2.0
"performed",1.0
"performers",1.0
"perhaps",4.0
"period",4.0
"perk",1.0
"permission",1.0
"permissive",1.0
"permits",1.0
"pernil",1.0
"person",16.0
"personal",5.0
"personality",2.0
"personally",3.0
"persons",2.0
"perspective",1.0
"pesto",8.0
"pestoinfused",1.0
"pet",3.0
"peter",1.0
"petite",3.0
"phenom",1.0
"phenomenal",3.0
"phenomenally",1.0
"philly",2.0
"philosophize",1.0
"pho",3.0
"phoenix",28.0
"phoenixs",1.0
"phone",5.0
"phones",1.0
"photo",2.0
"photog",1.0
"photograph",1.0
"photos",2.0
"phrase",2.0
"phx",2.0
"piano",1.0
"pic",2.0
"piccadilly",1.0
"picholine",1.0
"pick",24.0
"picked",4.0
"picking",1.0
"pickle",2.0
"pickled",2.0
"pickles",3.0
"pickmeup",1.0
"picks",1.0
"picky",3.0
"picnic",2.0
"pico",1.0
"pics",1.0
"picture",3.0
"pictures",1.0
"pie",7.0
"piece",14.0
"pieces",14.0
"pill",1.0
"pimply",1.0
"pina",2.0
"pine",1.0
"pineapple",1.0
"pinenuts",2.0
"pink",3.0
"pinnacle",1.0
"pinot",3.0
"pint",9.0
"pintos",2.0
"pints",4.0
"piper",1.0
"piping",3.0
"piquant",1.0
"pissed",1.0
"pisses",1.0
"pistachio",1.0
"pistachios",3.0
"pit",4.0
"pita",18.0
"pitas",2.0
"pitched",1.0
"pitchers",3.0
"pitfall",1.0
"pitiful",1.0
"pizza",83.0
"pizzabytheslice",1.0
"pizzagood",2.0
"pizzait",2.0
"pizzas",6.0
"pizzausually",1.0
"pizzeria",1.0
"pj",4.0
"place",316.0
"placed",4.0
"placeits",1.0
"placeive",1.0
"places",48.0
"placs",2.0
"plain",11.0
"plan",15.0
"planation",1.0
"planned",3.0
"planning",2.0
"plans",2.0
"plantain",1.0
"plantains",3.0
"plants",2.0
"plastic",5.0
"plate",54.0
"plated",2.0
"plates",7.0
"platter",15.0
"platters",1.0
"play",7.0
"played",2.0
"player",1.0
"players",1.0
"playing",9.0
"playlist",1.0
"plays",1.0
"plaza",3.0
"pleading",1.0
"pleasant",11.0
"pleasantly",5.0
"please",9.0
"pleased",9.0
"pleasent",2.0
"pleasure",6.0
"plentiful",2.0
"plenty",17.0
"plum",2.0
"plus",35.0
"pluses",2.0
"plusses",1.0
"pm",41.0
"pmam",2.0
"pmclose",1.0
"pmcloseall",2.0
"pmpm",3.0
"pmthe",1.0
"poffertjes",1.0
"point",16.0
"pointed",1.0
"poke",1.0
"polenta",3.0
"poles",2.0
"police",2.0
"policies",1.0
"policy",1.0
"polish",2.0
"polished",1.0
"polite",3.0
"pollo",2.0
"polo",1.0
"pomegranate",7.0
"pomitini",2.0
"pond",1.0
"pondering",1.0
"ponied",1.0
"pooch",1.0
"pool",12.0
"poolmoat",1.0
"poolside",1.0
"poor",8.0
"poorly",1.0
"pop",7.0
"popcorn",1.0
"pops",4.0
"popular",5.0
"popularity",1.0
"pork",46.0
"portfolio",1.0
"portion",28.0
"portions",22.0
"portlands",2.0
"portobello",6.0
"positive",3.0
"positives",4.0
"posse",1.0
"possession",1.0
"possible",8.0
"possibly",2.0
"post",3.0
"posted",1.0
"postgym",1.0
"postings",1.0
"postino",8.0
"postinowindsor",1.0
"postironic",1.0
"postoffice",1.0
"pot",5.0
"potato",33.0
"potatoes",19.0
"potential",1.0
"potentially",1.0
"potions",1.0
"pots",2.0
"potstickers",1.0
"potter",1.0
"poultry",2.0
"pound",7.0
"pounded",1.0
"pounds",1.0
"pour",4.0
"poured",2.0
"pours",2.0
"power",3.0
"pp",2.0
"practical",3.0
"practically",3.0
"practice",1.0
"praying",2.0
"prebar",1.0
"predisposed",1.0
"preface",1.0
"prefect",2.0
"prefer",10.0
"preference",2.0
"preferences",2.0
"preferred",2.0
"pregnant",2.0
"premises",1.0
"premium",1.0
"prepaid",1.0
"prepare",4.0
"prepared",13.0
"preparing",1.0
"prescott",1.0
"presence",3.0
"present",1.0
"presentation",4.0
"presentations",1.0
"presented",1.0
"presents",1.0
"preserves",1.0
"press",4.0
"pressed",1.0
"pressure",1.0
"presumably",1.0
"pretension",2.0
"pretentious",3.0
"pretty",115.0
"pretzel",3.0
"pretzels",5.0
"previous",9.0
"previously",5.0
"price",58.0
"priceall",1.0
"priced",20.0
"prices",75.0
"pricey",13.0
"pricier",3.0
"pricing",4.0
"primarily",1.0
"prime",21.0
"primebar",6.0
"print",3.0
"private",7.0
"prix",4.0
"prize",1.0
"prizes",2.0
"pro",1.0
"probably",50.0
"problem",11.0
"problemo",1.0
"problems",1.0
"proceeded",3.0
"proceeds",1.0
"process",2.0
"produce",7.0
"produces",2.0
"product",3.0
"products",6.0
"proenza",1.0
"profane",1.0
"profanity",1.0
"professional",1.0
"profit",1.0
"program",1.0
"promised",1.0
"promising",1.0
"promo",4.0
"promoting",1.0
"promotion",4.0
"promotions",1.0
"prompt",3.0
"promptly",4.0
"prone",1.0
"proof",1.0
"proper",2.0
"properly",5.0
"prosciutto",9.0
"prospected",1.0
"protein",1.0
"proved",2.0
"provided",4.0
"provider",1.0
"providing",1.0
"proximity",1.0
"ps",3.0
"pub",2.0
"pubgrill",1.0
"public",2.0
"publike",1.0
"pudding",2.0
"puertorican",1.0
"puff",4.0
"puffs",3.0
"pugzies",2.0
"pull",1.0
"pulled",11.0
"pulling",2.0
"pulls",1.0
"pumped",1.0
"pumpkin",5.0
"pun",1.0
"punch",5.0
"punching",1.0
"punchy",1.0
"pungent",2.0
"puppies",1.0
"pupusa",1.0
"pupusas",4.0
"purchase",8.0
"purchased",1.0
"purchasing",3.0
"puree",2.0
"pureedcreamed",1.0
"purest",1.0
"purple",2.0
"purpleish",1.0
"purpose",1.0
"purse",4.0
"push",1.0
"pushed",1.0
"pushy",1.0
"put",13.0
"puts",2.0
"putting",5.0
"q",1.0
"quail",4.0
"quaint",5.0
"quality",33.0
"qualm",1.0
"quarter",5.0
"quartersized",1.0
"queen",1.0
"quell",1.0
"quench",1.0
"quesadilla",5.0
"quesadillas",2.0
"queso",2.0
"question",4.0
"questioning",1.0
"questions",7.0
"quick",19.0
"quickly",17.0
"quiet",1.0
"quieter",3.0
"quietly",1.0
"quintessential",1.0
"quit",1.0
"quite",34.0
"quits",2.0
"quorn",1.0
"quotes",1.0
"ra",6.0
"rabid",1.0
"race",2.0
"rack",3.0
"rad",2.0
"radar",1.0
"radish",2.0
"radishcucumber",2.0
"raffaeles",1.0
"raffas",1.0
"rafters",1.0
"rage",1.0
"ragout",1.0
"rail",5.0
"rainbow",2.0
"rained",1.0
"raised",5.0
"raiser",1.0
"raisins",2.0
"raison",1.0
"rakona",1.0
"ramen",1.0
"ran",2.0
"ranch",4.0
"random",11.0
"randomly",1.0
"range",6.0
"ranging",1.0
"rangoon",1.0
"rangoons",1.0
"rap",3.0
"rare",9.0
"rarely",2.0
"rarity",3.0
"ras",3.0
"raspberry",5.0
"rate",2.0
"rated",2.0
"rather",14.0
"rating",7.0
"ratings",1.0
"ratio",2.0
"ratpack",1.0
"rattlesnake",1.0
"rave",2.0
"raved",1.0
"ravioli",7.0
"raviolis",1.0
"raw",4.0
"razz",7.0
"rb",1.0
"rd",5.0
"reach",2.0
"reached",1.0
"reaches",1.0
"reaching",4.0
"reaction",1.0
"read",23.0
"reading",9.0
"ready",8.0
"real",10.0
"realised",1.0
"realistic",1.0
"realize",3.0
"realized",3.0
"realizes",1.0
"really",224.0
"rear",1.0
"reason",23.0
"reasonable",15.0
"reasonably",8.0
"reasons",8.0
"reccomend",1.0
"reccomendations",1.0
"reccomended",1.0
"receipt",1.0
"receipts",2.0
"receive",4.0
"received",8.0
"receiving",1.0
"recent",9.0
"recently",11.0
"recession",2.0
"recieved",2.0
"recipe",2.0
"recipes",1.0
"recognizes",1.0
"recognizing",1.0
"recommend",38.0
"recommendation",1.0
"recommendations",3.0
"recommended",9.0
"reconcile",1.0
"recruited",1.0
"rectify",1.0
"red",25.0
"redeem",2.0
"redeemed",3.0
"reduced",1.0
"refered",1.0
"refill",4.0
"refilled",5.0
"refilling",1.0
"refills",5.0
"reflect",3.0
"reflecting",1.0
"reformed",1.0
"refreshing",6.0
"refreshingly",1.0
"refried",4.0
"refrigerator",1.0
"regarding",1.0
"regardless",2.0
"regards",1.0
"region",1.0
"regionally",1.0
"register",1.0
"registration",1.0
"regret",4.0
"regular",21.0
"regularhour",2.0
"regularly",4.0
"regulars",2.0
"regurgitation",1.0
"rehabwet",1.0
"reina",1.0
"related",1.0
"relatively",1.0
"relax",1.0
"relaxation",1.0
"relaxed",7.0
"relaxing",5.0
"relegated",1.0
"relish",3.0
"relishes",1.0
"relleno",2.0
"rellenos",2.0
"relocate",1.0
"remaining",1.0
"remains",1.0
"remarked",1.0
"remedies",1.0
"remedy",1.0
"remember",19.0
"remembered",6.0
"remind",2.0
"reminded",7.0
"reminisce",1.0
"remorse",1.0
"removed",2.0
"renewal",1.0
"renovated",1.0
"reo",1.0
"rep",1.0
"repair",1.0
"repast",1.0
"repeat",4.0
"repeated",2.0
"repeatedly",1.0
"replace",2.0
"replaced",1.0
"replacing",1.0
"replete",1.0
"report",1.0
"republic",1.0
"request",6.0
"requested",5.0
"requests",1.0
"required",1.0
"requires",1.0
"reruns",1.0
"resaurant",1.0
"resemble",1.0
"resembled",1.0
"reservation",6.0
"reservations",4.0
"reserve",1.0
"reserved",1.0
"reserving",1.0
"residential",1.0
"residents",1.0
"resigned",1.0
"resist",2.0
"resolved",2.0
"resonable",1.0
"resort",2.0
"resource",1.0
"respect",1.0
"responding",1.0
"response",3.0
"responsible",1.0
"rest",8.0
"restaurant",114.0
"restaurantbar",1.0
"restaurantcom",4.0
"restaurantgame",2.0
"restaurants",23.0
"restaurantscom",5.0
"resting",1.0
"restore",1.0
"restroom",1.0
"restrooms",2.0
"result",4.0
"resulted",1.0
"resulting",1.0
"results",1.0
"retail",1.0
"rethought",1.0
"retro",1.0
"retroclassy",1.0
"return",24.0
"returned",5.0
"returning",3.0
"returns",3.0
"reuben",1.0
"reusable",1.0
"revealed",1.0
"reverse",6.0
"revie",1.0
"review",30.0
"reviewed",2.0
"reviewer",2.0
"reviewers",2.0
"reviewing",1.0
"reviews",26.0
"reviewsi",1.0
"reviewstopped",2.0
"revved",1.0
"reward",1.0
"rib",18.0
"ribs",13.0
"ribsso",1.0
"rice",42.0
"rich",9.0
"richardsons",2.0
"richie",1.0
"richmond",2.0
"ricotta",4.0
"ridden",1.0
"ride",1.0
"ridiculous",3.0
"ridiculously",3.0
"riesling",1.0
"right",68.0
"rim",1.0
"ring",4.0
"rings",10.0
"rinse",1.0
"rinsed",2.0
"rio",1.0
"ripe",1.0
"ripoff",1.0
"ripped",3.0
"ritas",1.0
"rite",1.0
"river",1.0
"road",7.0
"roads",2.0
"roaring",3.0
"roast",2.0
"roasted",14.0
"roasting",1.0
"rob",2.0
"robert",1.0
"rock",7.0
"rocks",4.0
"rogue",2.0
"roll",36.0
"rolled",5.0
"rolling",3.0
"rolls",50.0
"roma",3.0
"romaine",3.0
"romantic",2.0
"ron",1.0
"roof",1.0
"rooftops",1.0
"rool",1.0
"room",25.0
"rooms",9.0
"roomtemperatured",2.0
"roomy",1.0
"roopas",1.0
"roosevelt",1.0
"root",1.0
"roots",1.0
"rose",2.0
"rosemary",2.0
"rositas",4.0
"rotate",4.0
"rotation",1.0
"roti",1.0
"rough",2.0
"roughly",2.0
"round",3.0
"rounded",3.0
"rounding",2.0
"row",1.0
"rows",1.0
"roys",1.0
"rub",2.0
"rubbing",2.0
"rubble",2.0
"ruben",1.0
"rubes",1.0
"rude",2.0
"rudeclueless",2.0
"rug",1.0
"rugby",3.0
"ruin",2.0
"ruined",2.0
"rula",12.0
"rulabula",1.0
"rulas",2.0
"ruled",1.0
"rules",3.0
"rum",2.0
"run",12.0
"running",8.0
"runs",7.0
"rural",1.0
"rush",1.0
"rushed",2.0
"ruths",1.0
"rye",1.0
"s",8.0
"saags",1.0
"sabai",6.0
"sad",5.0
"sadly",4.0
"safe",3.0
"safeway",1.0
"sage",1.0
"saguaro",2.0
"sahara",4.0
"said",69.0
"sakana",6.0
"sakanas",2.0
"sake",8.0
"sakes",1.0
"salad",93.0
"saladhe",1.0
"salads",19.0
"salami",1.0
"sale",8.0
"sales",1.0
"salespeople",1.0
"salesperson",1.0
"salmon",14.0
"salmonand",1.0
"saloon",1.0
"salsa",23.0
"salsachips",1.0
"salsacondiments",1.0
"salsas",2.0
"salt",6.0
"salted",2.0
"saltiness",2.0
"salting",1.0
"salty",4.0
"saluted",2.0
"sam",3.0
"sammie",1.0
"sammy",2.0
"sample",13.0
"sampled",5.0
"sampler",6.0
"samples",8.0
"sampling",3.0
"sams",2.0
"san",3.0
"sand",2.0
"sandals",1.0
"sandbar",2.0
"sandwhich",3.0
"sandwich",37.0
"sandwiches",11.0
"sandwichsaladsoup",1.0
"sangria",5.0
"sangrias",1.0
"sanitary",2.0
"sanitizer",1.0
"sans",1.0
"santan",1.0
"sashimi",11.0
"sassi",2.0
"sat",31.0
"satay",1.0
"sated",2.0
"satelite",1.0
"satisfaction",2.0
"satisfied",4.0
"satisfying",6.0
"saturday",8.0
"saturdays",4.0
"saturdaysunday",1.0
"sauce",89.0
"sauced",3.0
"sauceit",1.0
"sauces",7.0
"saucesand",1.0
"sausage",14.0
"sauted",3.0
"sauteed",4.0
"sauv",2.0
"sauvingon",1.0
"save",16.0
"saved",4.0
"saves",1.0
"saving",5.0
"savor",1.0
"savory",3.0
"saw",19.0
"say",80.0
"sayin",1.0
"saying",9.0
"says",5.0
"sb",2.0
"scale",1.0
"scales",1.0
"scallions",1.0
"scallop",6.0
"scalloped",1.0
"scallops",12.0
"scaloppine",1.0
"scan",1.0
"scandinavian",1.0
"scarfed",1.0
"scary",2.0
"scathing",1.0
"scattered",1.0
"scene",4.0
"scent",1.0
"scented",1.0
"schedule",2.0
"schedules",2.0
"schilling",1.0
"schnitzel",1.0
"school",10.0
"schoulers",1.0
"schwarzenegger",2.0
"science",2.0
"scoliosis",1.0
"scoop",4.0
"score",2.0
"scott",1.0
"scottsdale",41.0
"scottsdales",1.0
"scramble",3.0
"scrambled",2.0
"scratch",1.0
"screaming",1.0
"screen",3.0
"screens",5.0
"screw",1.0
"scrumptious",6.0
"sculptures",1.0
"se",2.0
"sea",5.0
"seafood",23.0
"sealed",1.0
"search",1.0
"searching",2.0
"seared",8.0
"season",3.0
"seasonal",5.0
"seasonally",1.0
"seasoned",8.0
"seasoning",2.0
"seasoningsthree",1.0
"seat",12.0
"seated",18.0
"seating",31.0
"seats",9.0
"seattle",2.0
"seaweed",6.0
"second",36.0
"secondly",2.0
"seconds",4.0
"secret",2.0
"secretive",1.0
"section",13.0
"sections",1.0
"see",57.0
"seeds",1.0
"seeing",8.0
"seek",2.0
"seem",21.0
"seemed",20.0
"seemingly",1.0
"seems",14.0
"seen",11.0
"select",2.0
"selected",3.0
"selection",44.0
"selections",8.0
"self",2.0
"selfparking",1.0
"sell",4.0
"selling",1.0
"semi",1.0
"semicold",1.0
"send",7.0
"senior",2.0
"seniors",1.0
"sense",3.0
"sensible",1.0
"sent",3.0
"separate",1.0
"sephora",1.0
"serious",5.0
"seriously",23.0
"serve",22.0
"served",66.0
"server",48.0
"serverbritney",1.0
"servers",13.0
"serves",5.0
"service",162.0
"servicing",1.0
"servile",1.0
"serving",14.0
"servings",1.0
"set",7.0
"sets",2.0
"setting",2.0
"settled",2.0
"several",28.0
"severed",1.0
"sexy",1.0
"shabby",1.0
"shack",1.0
"shaded",3.0
"shake",1.0
"shaker",2.0
"shaky",1.0
"shall",1.0
"shallots",1.0
"shame",2.0
"shampoo",1.0
"shank",1.0
"shape",2.0
"shaped",2.0
"shapedand",1.0
"share",18.0
"shared",10.0
"sharing",3.0
"shark",1.0
"shaved",1.0
"shaving",1.0
"shawarma",2.0
"shawerma",3.0
"shawirma",2.0
"shed",3.0
"sheen",2.0
"sheep",1.0
"sheet",1.0
"sheila",1.0
"shelf",3.0
"shell",6.0
"shelling",1.0
"shells",1.0
"shelter",2.0
"sheltered",1.0
"shelves",2.0
"shepherds",2.0
"sheraton",1.0
"sheridan",1.0
"sheriff",1.0
"sherry",2.0
"shift",3.0
"shiitake",1.0
"shining",2.0
"shirt",6.0
"shirted",2.0
"shirts",2.0
"shish",1.0
"shiso",2.0
"shit",6.0
"sho",1.0
"shocked",2.0
"shocking",1.0
"shoes",4.0
"shoot",1.0
"shooter",1.0
"shoots",1.0
"shop",5.0
"shopping",10.0
"shops",8.0
"short",11.0
"shortage",1.0
"shortly",7.0
"shortribs",1.0
"shorts",5.0
"shorty",2.0
"shot",10.0
"shots",2.0
"shouldve",1.0
"shout",1.0
"shouting",1.0
"shovel",1.0
"show",11.0
"showed",3.0
"showers",1.0
"showing",2.0
"shown",1.0
"shredded",4.0
"shrieked",1.0
"shrimp",57.0
"shrooms",1.0
"shticks",2.0
"shu",1.0
"shuttle",3.0
"sick",1.0
"side",67.0
"sides",10.0
"sidewalk",1.0
"sierra",4.0
"sighed",2.0
"sight",1.0
"sign",15.0
"signage",1.0
"signature",1.0
"signed",2.0
"significant",2.0
"signs",2.0
"silent",1.0
"silly",2.0
"silvers",2.0
"silverware",1.0
"similar",2.0
"simmered",1.0
"simple",13.0
"simply",17.0
"simpson",1.0
"simultaneously",1.0
"since",71.0
"sing",1.0
"singhas",1.0
"singing",1.0
"single",9.0
"singlestems",1.0
"sink",1.0
"sip",3.0
"sipchatkill",1.0
"sipped",1.0
"sirloin",3.0
"sis",1.0
"sister",1.0
"sit",30.0
"site",4.0
"sitting",19.0
"situation",3.0
"six",8.0
"sizable",1.0
"size",32.0
"sized",7.0
"sizeportions",1.0
"sizes",6.0
"sk",1.0
"skeptical",3.0
"skewers",3.0
"skill",2.0
"skillet",1.0
"skimmed",1.0
"skimming",2.0
"skimp",5.0
"skimpy",1.0
"skinny",5.0
"skins",5.0
"skip",8.0
"skipped",2.0
"skirt",1.0
"skrimps",1.0
"skyy",3.0
"slab",3.0
"slack",1.0
"slacks",1.0
"slammed",3.0
"slap",1.0
"slapped",1.0
"slathered",1.0
"slaw",2.0
"slawreally",2.0
"sleeping",1.0
"sleepy",1.0
"sleeve",2.0
"slice",6.0
"sliced",3.0
"slices",13.0
"slicing",1.0
"slide",4.0
"slider",3.0
"sliders",28.0
"slight",1.0
"slightly",9.0
"slipped",1.0
"sloppy",3.0
"slots",1.0
"slow",13.0
"slowed",1.0
"slower",2.0
"slowly",1.0
"slurped",1.0
"small",50.0
"smaller",7.0
"smallish",1.0
"smart",3.0
"smashburger",2.0
"smashed",2.0
"smell",5.0
"smelled",1.0
"smells",1.0
"smidgen",1.0
"smile",8.0
"smiled",1.0
"smiles",2.0
"smithwicks",1.0
"smoke",8.0
"smoked",8.0
"smokers",2.0
"smokey",2.0
"smoking",3.0
"smoky",3.0
"smooth",5.0
"smoothie",1.0
"smoothly",2.0
"snack",4.0
"snacked",1.0
"snacking",1.0
"snacks",1.0
"snag",1.0
"snagged",1.0
"snake",1.0
"snap",1.0
"snapper",2.0
"snarkily",1.0
"snazzy",1.0
"snifter",1.0
"snob",2.0
"snobby",1.0
"snobs",1.0
"snottsdale",1.0
"snow",1.0
"soak",1.0
"soapslotions",1.0
"soccer",1.0
"social",1.0
"socks",1.0
"soda",7.0
"sodas",1.0
"sodium",2.0
"soft",14.0
"soggy",3.0
"sola",1.0
"sold",5.0
"solid",9.0
"solutions",1.0
"solved",1.0
"sombreros",2.0
"somebody",3.0
"somehow",2.0
"someone",14.0
"someones",4.0
"someplace",1.0
"something",62.0
"sometime",3.0
"sometimes",17.0
"somewhat",4.0
"somewhere",7.0
"sommelier",2.0
"somthing",1.0
"son",2.0
"song",1.0
"songs",1.0
"sonoran",1.0
"soo",1.0
"soon",17.0
"soondubu",2.0
"sooo",2.0
"soooo",7.0
"sooooo",3.0
"sooooooo",1.0
"soothe",1.0
"sop",1.0
"sopapillas",1.0
"sopito",1.0
"soptio",1.0
"sorbet",1.0
"sore",1.0
"sorry",9.0
"sort",9.0
"sorta",1.0
"sorts",4.0
"souls",1.0
"sound",3.0
"sounded",5.0
"sounding",1.0
"sounds",8.0
"soundtrack",1.0
"soup",27.0
"soups",1.0
"soupthen",1.0
"soupy",1.0
"sour",11.0
"sourdough",1.0
"sourin",1.0
"sourness",1.0
"south",6.0
"southwest",3.0
"southwestern",3.0
"souvlaki",1.0
"sox",1.0
"soy",10.0
"sp",2.0
"space",15.0
"spacious",2.0
"spaghetti",3.0
"spam",1.0
"spanish",1.0
"sparking",2.0
"sparkling",2.0
"speak",3.0
"speakers",1.0
"speaking",3.0
"speaks",1.0
"special",78.0
"specialand",1.0
"specialized",1.0
"specials",89.0
"specialties",1.0
"specialty",18.0
"specific",3.0
"specifically",3.0
"specifics",2.0
"spectacular",3.0
"spectacularfor",1.0
"spectator",1.0
"speedwagon",1.0
"spelled",1.0
"spelling",2.0
"spend",9.0
"spending",9.0
"spent",9.0
"spice",14.0
"spiced",3.0
"spicier",1.0
"spiciness",1.0
"spicy",27.0
"spider",1.0
"spiked",1.0
"spilled",2.0
"spilling",2.0
"spinach",12.0
"spirit",2.0
"spirits",2.0
"spit",1.0
"spite",3.0
"splendid",1.0
"split",18.0
"splitting",5.0
"splurge",1.0
"splurging",1.0
"spongebread",1.0
"sponsor",1.0
"spoonful",1.0
"spoonfuls",1.0
"sportmans",1.0
"sports",28.0
"sportsbar",1.0
"sportsmans",2.0
"sporty",1.0
"spot",34.0
"spotit",1.0
"spots",7.0
"spread",13.0
"spreaddip",2.0
"sprig",1.0
"spring",10.0
"sprinkled",3.0
"spritz",1.0
"sprouts",11.0
"spuds",1.0
"squad",1.0
"square",4.0
"squash",4.0
"squaw",1.0
"squealinducing",1.0
"squee",1.0
"squid",2.0
"ss",1.0
"st",9.0
"stack",2.0
"stacked",3.0
"staff",51.0
"staffed",1.0
"staggered",1.0
"stained",1.0
"stake",2.0
"stakes",2.0
"stale",2.0
"stammering",1.0
"stamp",5.0
"stand",4.0
"standard",13.0
"standards",1.0
"standing",3.0
"standout",1.0
"stands",1.0
"staple",3.0
"staples",2.0
"star",23.0
"starbucks",4.0
"starch",1.0
"stare",1.0
"staring",2.0
"starring",1.0
"stars",53.0
"start",25.0
"started",20.0
"starter",5.0
"starters",3.0
"starting",9.0
"starts",3.0
"state",6.0
"stated",2.0
"station",2.0
"stations",1.0
"status",1.0
"stay",13.0
"stayed",3.0
"staying",2.0
"steak",52.0
"steakenburgerlong",1.0
"steakhouse",2.0
"steaklobster",1.0
"steaks",9.0
"steal",6.0
"stealth",1.0
"steamed",5.0
"steer",2.0
"stein",2.0
"stella",1.0
"stellar",2.0
"stellas",1.0
"step",1.0
"stephanie",1.0
"stereo",1.0
"steroids",1.0
"stetson",1.0
"stew",5.0
"stick",4.0
"stickers",1.0
"stiff",2.0
"still",76.0
"stillno",1.0
"stilted",1.0
"sting",1.0
"stingray",2.0
"stir",1.0
"stocking",3.0
"stockyards",5.0
"stomach",3.0
"stompin",1.0
"stone",1.0
"stools",1.0
"stop",20.0
"stopped",12.0
"stopping",6.0
"stops",2.0
"store",22.0
"stores",4.0
"stout",2.0
"straight",9.0
"strange",6.0
"strangely",2.0
"strangers",1.0
"strawberries",2.0
"strawberry",4.0
"strawberrylime",1.0
"stray",1.0
"strazzsomething",1.0
"street",13.0
"streets",1.0
"strength",1.0
"stretch",1.0
"strict",2.0
"strike",6.0
"string",1.0
"strings",1.0
"stringy",1.0
"strip",3.0
"stripmall",1.0
"strips",4.0
"strolled",2.0
"strong",16.0
"strongest",1.0
"struck",1.0
"structure",4.0
"structurewhich",1.0
"struggling",1.0
"strum",1.0
"stub",2.0
"stuck",5.0
"student",1.0
"students",1.0
"study",2.0
"studying",2.0
"stuff",20.0
"stuffed",10.0
"stuffybut",1.0
"stumbled",3.0
"stunned",1.0
"stupendously",1.0
"stwashington",1.0
"style",21.0
"styles",2.0
"stylish",2.0
"styrofoam",1.0
"sub",3.0
"subject",1.0
"sublime",1.0
"subpar",1.0
"subs",1.0
"substance",1.0
"substantial",2.0
"substitute",2.0
"substituted",2.0
"subtle",2.0
"suburban",2.0
"subway",2.0
"success",2.0
"successful",1.0
"succulent",1.0
"suck",1.0
"sucked",1.0
"sucker",3.0
"sucks",2.0
"suffer",1.0
"suffering",2.0
"suffice",1.0
"sufficient",1.0
"sugar",10.0
"sugarcoated",1.0
"suggest",8.0
"suggested",6.0
"suggestion",2.0
"suggestions",5.0
"sui",3.0
"suit",2.0
"suits",1.0
"sum",4.0
"summary",2.0
"summed",1.0
"summer",8.0
"sun",2.0
"sunbru",1.0
"sundae",1.0
"sunday",18.0
"sundays",4.0
"sundried",1.0
"sunflower",4.0
"sunglasses",1.0
"sunny",1.0
"sunomo",1.0
"sunomono",2.0
"suns",1.0
"sunset",2.0
"super",26.0
"superb",2.0
"superdiscounted",1.0
"superfriendly",1.0
"superior",1.0
"superiorespecially",1.0
"supermarket",3.0
"supernatural",1.0
"supplement",3.0
"supply",2.0
"support",5.0
"supporting",2.0
"supportinvest",2.0
"suppose",2.0
"supposed",4.0
"supposedly",1.0
"supreme",1.0
"supremo",1.0
"suprise",1.0
"sure",69.0
"surely",1.0
"surf",2.0
"surface",2.0
"surfaced",1.0
"surfer",1.0
"surpassed",1.0
"surprise",5.0
"surprised",14.0
"surprising",1.0
"surprisingly",5.0
"surrounding",1.0
"survey",1.0
"surveying",1.0
"sushi",94.0
"sushier",1.0
"suspicious",2.0
"sustainable",2.0
"svedka",1.0
"swag",1.0
"swallow",4.0
"swamp",1.0
"swayed",1.0
"swear",3.0
"sweartogod",1.0
"sweating",1.0
"sweet",63.0
"sweeter",2.0
"sweetest",1.0
"sweetheart",1.0
"sweetness",3.0
"sweets",1.0
"swimming",1.0
"swirlies",1.0
"swiss",1.0
"switch",3.0
"switched",2.0
"switchfezticoz",2.0
"swoon",1.0
"swordfish",2.0
"symposium",1.0
"syrup",2.0
"system",1.0
"t",5.0
"ta",1.0
"tab",2.0
"tabbouleh",4.0
"table",70.0
"tables",40.0
"tabletotable",1.0
"tack",1.0
"tacky",1.0
"taco",20.0
"tacos",25.0
"tacoswhich",1.0
"tad",11.0
"tag",1.0
"tagliatelle",1.0
"tahini",2.0
"take",62.0
"taken",6.0
"takeout",6.0
"takes",2.0
"taking",11.0
"talipa",1.0
"talk",5.0
"talked",1.0
"talking",3.0
"talks",1.0
"tall",6.0
"talladega",1.0
"taller",1.0
"tamale",9.0
"tamales",2.0
"tame",1.0
"tandoori",2.0
"tang",1.0
"tangy",1.0
"tanks",1.0
"tantalize",1.0
"taos",1.0
"tap",16.0
"tapas",6.0
"tapenade",1.0
"taps",1.0
"taquitos",1.0
"target",1.0
"tart",4.0
"tartar",1.0
"tarts",2.0
"tassels",1.0
"taste",31.0
"tasted",32.0
"tastes",14.0
"tastiest",1.0
"tasting",16.0
"tasty",50.0
"tataki",2.0
"tater",2.0
"tatersboring",1.0
"tator",2.0
"tattoo",1.0
"tatum",2.0
"tavern",4.0
"tax",6.0
"taxidermy",1.0
"taystee",1.0
"tazo",1.0
"tc",1.0
"tea",15.0
"teacher",2.0
"teakwoods",1.0
"teal",2.0
"team",3.0
"teams",1.0
"teamwork",1.0
"teanot",1.0
"tear",1.0
"teas",2.0
"tease",1.0
"teased",1.0
"teaso",1.0
"tecate",1.0
"technically",1.0
"techno",1.0
"tee",2.0
"teetering",1.0
"teharu",1.0
"tejas",1.0
"tell",22.0
"telling",3.0
"tempe",13.0
"temperature",4.0
"temporary",1.0
"tempt",1.0
"tempted",1.0
"tempting",3.0
"tempts",1.0
"tempura",4.0
"ten",4.0
"tend",6.0
"tender",15.0
"tenderbelly",1.0
"tenderbellycom",1.0
"tenderloin",8.0
"tenders",4.0
"tends",2.0
"tent",2.0
"tentative",1.0
"tequila",4.0
"teriyaki",7.0
"term",1.0
"terms",2.0
"terrible",6.0
"terribly",1.0
"terrific",3.0
"testament",1.0
"testers",4.0
"texas",1.0
"text",1.0
"texted",1.0
"texting",2.0
"texts",1.0
"texture",4.0
"textures",1.0
"th",17.0
"thai",28.0
"thais",1.0
"thanh",1.0
"thank",10.0
"thankfully",1.0
"thanks",18.0
"thats",54.0
"thawed",1.0
"theater",6.0
"thee",2.0
"thees",2.0
"theft",1.0
"theme",3.0
"themed",6.0
"themyou",2.0
"theor",2.0
"thereand",1.0
"thereby",1.0
"therefore",3.0
"thereof",1.0
"theres",12.0
"thereto",1.0
"thestale",1.0
"theyd",2.0
"theyll",5.0
"theyre",22.0
"theyve",9.0
"thick",8.0
"thin",10.0
"thing",70.0
"things",40.0
"thingsssss",1.0
"thingsthe",1.0
"thingy",2.0
"think",80.0
"thinking",17.0
"thinks",1.0
"thinly",1.0
"thinner",1.0
"third",3.0
"thirst",1.0
"thirsty",1.0
"thomas",1.0
"thoroughly",7.0
"though",64.0
"thought",32.0
"thoughtful",2.0
"thoughts",1.0
"thousands",1.0
"threatened",1.0
"three",40.0
"threepoint",1.0
"threesome",1.0
"thrifty",1.0
"thrill",2.0
"thrilled",2.0
"throughout",5.0
"throw",3.0
"thrown",2.0
"thru",1.0
"thumbs",2.0
"thursday",10.0
"thursdays",4.0
"thus",1.0
"ticket",3.0
"tickets",6.0
"ticoz",3.0
"tied",3.0
"tier",1.0
"tiger",2.0
"tight",3.0
"tika",1.0
"tikka",2.0
"til",4.0
"till",1.0
"tilted",1.0
"tim",1.0
"timbers",1.0
"time",211.0
"timecard",1.0
"timely",3.0
"timer",1.0
"times",55.0
"timesall",1.0
"timeslot",2.0
"timesmemorable",1.0
"timing",1.0
"tina",1.0
"tinga",2.0
"tini",2.0
"tiny",5.0
"tip",29.0
"tipped",1.0
"tips",3.0
"tire",4.0
"tired",2.0
"title",1.0
"tmi",3.0
"to_",1.0
"toast",9.0
"toasted",6.0
"toaster",2.0
"toasty",1.0
"today",29.0
"todays",2.0
"todaywelll",1.0
"todiefor",1.0
"tofu",14.0
"together",16.0
"togo",8.0
"toiletries",2.0
"toilets",2.0
"tokens",7.0
"told",21.0
"tolerable",1.0
"tolerance",1.0
"tom",2.0
"tomatillo",1.0
"tomato",15.0
"tomatobasil",1.0
"tomatoes",12.0
"tomatoy",1.0
"tomorrow",2.0
"ton",2.0
"tone",1.0
"tongue",1.0
"tonight",2.0
"tons",6.0
"too",143.0
"took",35.0
"toothere",1.0
"top",37.0
"topnotch",4.0
"topped",6.0
"topping",4.0
"toppings",9.0
"topppings",1.0
"topps",1.0
"tops",2.0
"tore",2.0
"tori",1.0
"toro",2.0
"torta",3.0
"tortas",1.0
"torte",1.0
"tortilla",7.0
"tortillas",8.0
"toss",1.0
"tossed",2.0
"tostada",2.0
"tostadas",1.0
"total",13.0
"totally",7.0
"toto",2.0
"tots",2.0
"touch",7.0
"touched",2.0
"touches",2.0
"tough",7.0
"toughness",2.0
"tour",1.0
"tourists",1.0
"tours",1.0
"toward",2.0
"towards",3.0
"town",36.0
"towners",1.0
"trace",1.0
"track",5.0
"tracking",1.0
"tradiciones",1.0
"tradicionesblegh",1.0
"traditional",7.0
"traditionally",1.0
"traffic",2.0
"trails",2.0
"training",1.0
"trans",1.0
"transferred",1.0
"translating",1.0
"transplant",1.0
"trapped",1.0
"trappist",1.0
"trattoria",1.0
"travel",1.0
"tray",2.0
"trays",1.0
"treasure",1.0
"treat",9.0
"treated",3.0
"treatments",1.0
"treats",1.0
"trek",3.0
"trend",1.0
"trendier",2.0
"trendy",1.0
"tres",3.0
"triangle",1.0
"triangles",1.0
"trick",1.0
"tricky",1.0
"tricolor",1.0
"tried",49.0
"tries",1.0
"trio",1.0
"trip",8.0
"triple",1.0
"trips",2.0
"trivia",2.0
"trombone",1.0
"tropical",1.0
"trouble",1.0
"trout",1.0
"truck",5.0
"true",8.0
"truffle",2.0
"truffled",2.0
"truffles",2.0
"truly",15.0
"trust",6.0
"trusted",2.0
"try",117.0
"trying",18.0
"tshirt",1.0
"tt",1.0
"tub",1.0
"tube",1.0
"tubs",1.0
"tucked",1.0
"tucson",1.0
"tuesday",19.0
"tuesdayand",1.0
"tuesdays",6.0
"tulips",1.0
"tummy",1.0
"tuna",31.0
"tunes",1.0
"tuning",1.0
"turf",2.0
"turkey",7.0
"turn",6.0
"turned",10.0
"turning",3.0
"turns",1.0
"tuscan",2.0
"tv",7.0
"tvs",17.0
"tvsfor",1.0
"tweak",1.0
"twelve",1.0
"twice",18.0
"twin",1.0
"twist",1.0
"twisted",1.0
"twists",1.0
"twit",1.0
"twitter",3.0
"two",108.0
"type",18.0
"types",6.0
"typical",10.0
"typically",6.0
"tzatziki",4.0
"u",2.0
"uber",2.0
"ugly",2.0
"uhlog",1.0
"ulta",1.0
"ultimate",2.0
"um",2.0
"umbrella",1.0
"unabashedly",1.0
"unable",3.0
"unacceptable",1.0
"unappetizing",1.0
"unassuming",1.0
"unbeatable",1.0
"unbelievable",4.0
"unbutton",1.0
"uncomfortable",4.0
"unconscious",1.0
"uncooked",1.0
"uncork",1.0
"uncured",1.0
"under",13.0
"underground",1.0
"underneath",1.0
"understaffed",1.0
"understand",13.0
"understandably",2.0
"understanding",1.0
"understatement",1.0
"underway",1.0
"underwhelmed",1.0
"undesirable",2.0
"uneven",2.0
"unexpected",1.0
"unfamiliar",2.0
"unfortunantly",1.0
"unfortunate",2.0
"unfortunately",12.0
"ungodly",1.0
"ungrateful",1.0
"unhelpful",1.0
"uni",4.0
"unicorn",2.0
"uniformly",1.0
"uniiit",2.0
"uninformed",2.0
"uninspiring",1.0
"uninterrupted",1.0
"unique",13.0
"uniquefun",1.0
"unit",7.0
"unless",4.0
"unlike",4.0
"unlock",1.0
"unlocked",1.0
"unnatural",1.0
"unnecessary",1.0
"unpaved",2.0
"unpretentious",2.0
"unrefined",1.0
"unsatisfied",2.0
"unsliced",1.0
"unwinding",1.0
"upcoming",2.0
"update",4.0
"updated",1.0
"updates",1.0
"updating",2.0
"upgrade",1.0
"upon",8.0
"upped",1.0
"upper",3.0
"upscale",3.0
"upsell",1.0
"upset",2.0
"upside",1.0
"upsides",1.0
"upstairs",1.0
"uptodate",1.0
"urban",4.0
"urchin",2.0
"urgently",1.0
"us",90.0
"use",23.0
"used",28.0
"uses",3.0
"using",3.0
"usual",6.0
"usually",36.0
"uterus",2.0
"uww",2.0
"uye",1.0
"v",2.0
"vacation",3.0
"vaguely",3.0
"valet",10.0
"valets",1.0
"valid",1.0
"validated",1.0
"valle",1.0
"valley",21.0
"value",14.0
"van",1.0
"vanilla",4.0
"vanillavanilla",1.0
"vantage",1.0
"variation",2.0
"varied",1.0
"varies",2.0
"varieties",5.0
"variety",27.0
"various",4.0
"varying",1.0
"vases",1.0
"vast",1.0
"veal",1.0
"veering",1.0
"vegan",3.0
"veganvegetarian",1.0
"vegas",11.0
"vegetable",4.0
"vegetables",9.0
"vegetarian",13.0
"veggie",17.0
"veggies",16.0
"veggievegan",1.0
"vegi",1.0
"vehemently",2.0
"velcro",2.0
"velvet",4.0
"velvety",1.0
"vendor",1.0
"vendors",1.0
"veneto",2.0
"venezias",1.0
"venture",2.0
"ventured",1.0
"ventures",1.0
"venue",2.0
"verbal",3.0
"verde",3.0
"verdict",1.0
"verge",1.0
"version",1.0
"versions",3.0
"versus",2.0
"vertical",1.0
"very",202.0
"vested",1.0
"veterans",2.0
"vets",1.0
"via",1.0
"vibe",11.0
"vibrant",1.0
"vicarious",1.0
"victoria",4.0
"video",1.0
"videos",2.0
"vietnamese",6.0
"view",8.0
"views",2.0
"vig",2.0
"vigs",1.0
"vikings",1.0
"vile",1.0
"villa",1.0
"village",3.0
"vinaigrette",6.0
"vine",1.0
"vinegar",1.0
"vinegars",1.0
"vinegary",1.0
"vines",2.0
"vings",1.0
"vino",1.0
"vintage",1.0
"vintagemod",1.0
"violeta",1.0
"vips",1.0
"virgin",2.0
"virtually",2.0
"visibly",2.0
"visit",46.0
"visited",15.0
"visiting",10.0
"visitors",1.0
"visitreview",1.0
"visits",8.0
"visual",1.0
"visually",1.0
"vitamin",4.0
"viva",1.0
"vodka",14.0
"vodkas",1.0
"volume",1.0
"volumes",1.0
"voted",1.0
"voucher",1.0
"vs",1.0
"w",12.0
"waaah",2.0
"waffle",3.0
"wage",1.0
"waht",1.0
"wait",67.0
"waited",10.0
"waiter",17.0
"waiters",4.0
"waiti",1.0
"waiting",15.0
"waitress",27.0
"waitresses",10.0
"waitressesvery",1.0
"waitstaff",3.0
"walk",19.0
"walked",17.0
"walking",13.0
"walks",3.0
"wall",12.0
"wallet",3.0
"walls",6.0
"walnuts",2.0
"wan",1.0
"wandered",3.0
"wannabes",1.0
"want",64.0
"wanted",29.0
"wanting",10.0
"wants",1.0
"wards",1.0
"warm",20.0
"warmer",3.0
"warn",1.0
"warned",5.0
"warning",3.0
"warnings",1.0
"warped",1.0
"warrant",1.0
"warsteiner",1.0
"wasabi",2.0
"wash",3.0
"wasnt",67.0
"wasted",3.0
"watch",7.0
"watched",1.0
"watching",7.0
"water",19.0
"watered",2.0
"waterfalls",1.0
"watering",2.0
"waters",1.0
"waved",1.0
"wax",2.0
"way",72.0
"ways",9.0
"weak",3.0
"wear",2.0
"wearing",2.0
"weather",9.0
"weathered",1.0
"web",2.0
"website",10.0
"wed",7.0
"wedge",6.0
"wedges",5.0
"wednesay",1.0
"wednesday",4.0
"wednesdays",3.0
"wedsat",1.0
"week",39.0
"weekday",3.0
"weekend",18.0
"weekendbut",1.0
"weekends",4.0
"weekly",4.0
"weeknight",1.0
"weeknights",1.0
"weeks",9.0
"weighed",2.0
"weird",8.0
"welcomed",1.0
"welcomes",1.0
"welcoming",2.0
"well",135.0
"wellat",2.0
"welldone",1.0
"wells",4.0
"wench",1.0
"wendys",1.0
"went",75.0
"werent",16.0
"west",3.0
"western",1.0
"westside",1.0
"wet",3.0
"weve",9.0
"wf",2.0
"whatever",6.0
"whats",5.0
"wheat",3.0
"whenever",1.0
"whereas",2.0
"wheres",1.0
"whet",1.0
"whiff",1.0
"whip",1.0
"whipped",2.0
"whipping",1.0
"whirl",2.0
"whiskey",2.0
"white",12.0
"whiteboy",2.0
"whitewheatrye",2.0
"whiz",2.0
"whoa",3.0
"whole",24.0
"whore",1.0
"whos",2.0
"whose",1.0
"why",42.0
"whyand",1.0
"wide",7.0
"widmer",1.0
"wierd",1.0
"wife",19.0
"wifes",1.0
"wifi",6.0
"wiggle",1.0
"wil",1.0
"wilber",1.0
"wild",4.0
"wildest",1.0
"will",130.0
"willing",3.0
"wilshire",1.0
"wilted",1.0
"wilting",1.0
"wimp",1.0
"win",6.0
"windmill",3.0
"window",2.0
"windows",1.0
"windshield",1.0
"windsor",3.0
"windsorchurn",1.0
"wine",103.0
"winejust",1.0
"wines",24.0
"wings",26.0
"winner",4.0
"wino",1.0
"winter",1.0
"wiped",1.0
"wise",6.0
"wish",24.0
"witches",2.0
"within",5.0
"without",33.0
"witness",1.0
"wobbly",1.0
"wolfing",1.0
"women",4.0
"wonder",5.0
"wonderful",22.0
"wonderfull",1.0
"wonderfully",1.0
"wonderfulno",1.0
"wondering",3.0
"wongs",1.0
"wont",14.0
"wonton",2.0
"wontons",3.0
"woo",1.0
"wood",6.0
"woodchuck",2.0
"woods",2.0
"woohoo",1.0
"woos",2.0
"word",14.0
"wordis",1.0
"words",8.0
"work",27.0
"workday",1.0
"worked",7.0
"workers",1.0
"working",6.0
"works",11.0
"workschool",1.0
"world",8.0
"worldand",1.0
"worlds",1.0
"worn",2.0
"worried",2.0
"worry",1.0
"worse",3.0
"worst",5.0
"worth",34.0
"worthy",1.0
"woulda",2.0
"wouldnt",18.0
"wouldve",7.0
"wow",16.0
"wowed",3.0
"wrap",5.0
"wrapped",4.0
"wraps",7.0
"wright",1.0
"write",15.0
"writeup",1.0
"writing",3.0
"written",1.0
"wrong",18.0
"wrote",6.0
"wtax",1.0
"wtf",2.0
"wth",1.0
"wuhly",1.0
"wwwrestaurantcom",1.0
"wyders",3.0
"x",1.0
"xtreme",3.0
"ya",5.0
"yaiii",1.0
"yall",1.0
"yapping",1.0
"yard",2.0
"yassa",3.0
"yay",3.0
"yeah",13.0
"year",10.0
"years",10.0
"yeasty",1.0
"yell",2.0
"yelled",1.0
"yelling",2.0
"yellow",2.0
"yellowandorange",1.0
"yellowtail",1.0
"yelp",35.0
"yelper",5.0
"yelpers",3.0
"yep",2.0
"yes",48.0
"yesterday",6.0
"yet",26.0
"yh",1.0
"yhe",1.0
"yielded",1.0
"yikes",2.0
"yinyang",1.0
"yo",3.0
"yogurt",9.0
"yogurtology",4.0
"yogurttzatziki",1.0
"yoour",1.0
"york",5.0
"youd",4.0
"youll",19.0
"young",8.0
"youngs",2.0
"youre",55.0
"yourre",1.0
"youve",4.0
"yucca",2.0
"yum",7.0
"yummmmm",1.0
"yummmmmmmm",1.0
"yummmmmmmmmmmmmmmmmmmmm",1.0
"yummy",22.0
"yumo",2.0
"yuppie",1.0
"z",2.0
"zen",4.0
"zeppole",2.0
"zero",2.0
"zest",1.0
"zesty",1.0
"zillion",1.0
"zin",2.0
"zinburger",1.0
"zinfandel",1.0
"zing",2.0
"zipperita",1.0
"ziti",2.0
"zoes",1.0
"ztejas",2.0
"zucchini",5.0
"zuzu",2.0
"{",1.0
"}",1.0
